Transaction Date,Post Date,Description,Category,Type,Amount,Memo
09/11/2023,09/12/2023,TST* RUSSIAN RIVER BREWIN,Food & Drink,Sale,-44.94,
09/10/2023,09/11/2023,SQ *BLUE BOTTLE COFFEE,Food & Drink,Sale,-8.24,
09/10/2023,09/11/2023,FSP*MERRIAM VINEYARDS,Entertainment,Sale,-198.50,
09/07/2023,09/08/2023,MEDIACOM BRO*,Bills & Utilities,Sale,-89.99,
09/06/2023,09/07/2023,AMES FITNESS CENTER - EO,Health & Wellness,Sale,-153.01,
09/05/2023,09/05/2023,AUTOMATIC PAYMENT - THANK,,Payment,1957.92,
09/03/2023,09/04/2023,NETFLIX.COM,Bills & Utilities,Sale,-21.39,
09/04/2023,09/04/2023,SXM*SIRIUSXM.COM/ACCT,Bills & Utilities,Sale,-24.66,
09/03/2023,09/04/2023,AMZN Mktp US*TL8KN1OH1,Shopping,Sale,-19.95,
09/01/2023,09/03/2023,CASEYS  STORE 4315,Gas,Sale,-56.63,
08/31/2023,09/01/2023,Amazon.com*TL7K77O30,Shopping,Sale,-7.60,
08/31/2023,09/01/2023,SQ *FENCELINE BEER LAB,Groceries,Sale,-71.92,
08/31/2023,09/01/2023,SQ *THREADIT,Professional Services,Sale,-169.00,
08/30/2023,08/31/2023,AMZN Mktp US*T326R2RG2,Shopping,Sale,-11.59,
08/31/2023,08/31/2023,Audible*TL2RG3CK2,Bills & Utilities,Sale,-16.00,
08/26/2023,08/27/2023,SAMSCLUB #6568,Shopping,Sale,-152.82,
08/25/2023,08/27/2023,AMZN Mktp US*T370Z0CS0,Shopping,Sale,-21.39,
08/18/2023,08/20/2023,HY-VEE F&amp;F AMES 5018,Gas,Sale,-57.21,
08/18/2023,08/20/2023,SQ *ACPS,Health & Wellness,Sale,-133.00,
08/15/2023,08/16/2023,FSP*BROWNS SHOE FIT CO -,Shopping,Sale,-187.25,
08/14/2023,08/15/2023,SQ *CORNBRED BARBECUE,Food & Drink,Sale,-25.68,
08/13/2023,08/15/2023,MENARDS 3356,Home,Sale,-191.87,
08/14/2023,08/15/2023,O DONNELL ACE HARDWARE,Home,Sale,-91.34,
08/12/2023,08/14/2023,AUNT MAUDES,Food & Drink,Sale,-93.57,
08/08/2023,08/10/2023,CASEYS  STORE 4315,Gas,Sale,-8.48,
08/07/2023,08/08/2023,MEDIACOM BRO*,Bills & Utilities,Sale,-89.99,
08/04/2023,08/06/2023,SQ *FENCELINE BEER LAB,Groceries,Sale,-25.08,
08/04/2023,08/06/2023,SXM*SIRIUSXM.COM/ACCT,Bills & Utilities,Sale,-24.66,
08/05/2023,08/06/2023,SUNCTRYAIR  LYE49N,Travel,Sale,-415.60,
08/04/2023,08/06/2023,SQ *MUCKY DUCK PUB  LLC.,Food & Drink,Sale,-30.00,
08/04/2023,08/04/2023,AUTOMATIC PAYMENT - THANK,,Payment,2620.66,
08/03/2023,08/04/2023,NETFLIX.COM,Bills & Utilities,Sale,-21.39,
08/03/2023,08/04/2023,AMES FITNESS CENTER - EO,Health & Wellness,Sale,-153.01,
07/31/2023,08/01/2023,HY-VEE F&amp;F AMES 5018,Gas,Sale,-55.70,
07/31/2023,07/31/2023,Audible*TH2VK4331,Bills & Utilities,Sale,-16.00,
07/30/2023,07/31/2023,HAMILTON COUNTY CONSERVAT,Travel,Sale,-317.60,
07/30/2023,07/31/2023,NORTH GRAND CINEMA,Entertainment,Sale,-20.20,
07/28/2023,07/30/2023,WEB*BLUEHOST.COM,Bills & Utilities,Sale,-19.99,
07/27/2023,07/28/2023,GOOGLE *Google Storage,Shopping,Sale,-32.09,
07/27/2023,07/27/2023,TST* Wasabi Ames,Food & Drink,Sale,-50.00,
07/26/2023,07/27/2023,AMZN Mktp US*T688B72U0,Shopping,Sale,-9.01,
07/24/2023,07/25/2023,SAMSCLUB #6568,Shopping,Sale,-42.10,
07/24/2023,07/25/2023,HY-VEE AMES 1018,Groceries,Sale,-33.00,
07/23/2023,07/24/2023,SQ *TOPOG  INC,Food & Drink,Sale,-12.36,
07/23/2023,07/24/2023,BP#1988898RUTHVEN BP,Gas,Sale,-44.79,
07/22/2023,07/23/2023,SQ *NEKTAR,Food & Drink,Sale,-13.80,
07/20/2023,07/23/2023,KUM&amp;GO 1215R AMES,Gas,Sale,-51.95,
07/17/2023,07/18/2023,SQ *CORNBRED BARBECUE,Food & Drink,Sale,-26.94,
07/16/2023,07/18/2023,UNITED      0164223214260,Travel,Sale,-35.00,
07/16/2023,07/18/2023,UNITED      0164223214259,Travel,Sale,-35.00,
07/16/2023,07/17/2023,TILLAMOOK MARKET AT PDX,Food & Drink,Sale,-11.83,
07/14/2023,07/16/2023,TST* Silver Salmon Grill,Food & Drink,Sale,-22.00,
07/14/2023,07/16/2023,SQ *ASTORIA BREWING COMPA,Food & Drink,Sale,-14.50,
07/13/2023,07/16/2023,WILLIE DICKS FIRST STREET,Food & Drink,Sale,-30.76,
07/13/2023,07/16/2023,KALAMA VINTAGE WAREHOUSE,Shopping,Sale,-21.62,
07/13/2023,07/16/2023,KALAMA HARBOR PUB,Food & Drink,Sale,-30.00,
07/10/2023,07/11/2023,Richland Dugout,Food & Drink,Sale,-26.20,
07/09/2023,07/10/2023,TST* TOMATO BROTHERS - CL,Food & Drink,Sale,-42.79,
07/08/2023,07/09/2023,MEDIACOM BRO*,Bills & Utilities,Sale,-89.99,
07/07/2023,07/09/2023,KUM&amp;GO 1215R AMES,Gas,Sale,-28.73,
07/08/2023,07/09/2023,BASALT CELLARS,Food & Drink,Sale,-15.98,
07/07/2023,07/09/2023,BM * SZECHUAN HOUSE,Food & Drink,Sale,-48.26,
07/06/2023,07/06/2023,AMZN Mktp US*7556Z7BF3,Shopping,Sale,-28.88,
07/05/2023,07/05/2023,AUTOMATIC PAYMENT - THANK,,Payment,1793.23,
07/04/2023,07/05/2023,AMES FITNESS CENTER - EO,Health & Wellness,Sale,-103.01,
07/04/2023,07/04/2023,SXM*SIRIUSXM.COM/ACCT,Bills & Utilities,Sale,-24.66,
07/02/2023,07/04/2023,LA CASA MAYA,Food & Drink,Sale,-73.49,
07/03/2023,07/04/2023,NETFLIX.COM,Bills & Utilities,Sale,-21.39,
07/03/2023,07/03/2023,Prime Video *8G6LC8OY3,Shopping,Sale,-4.06,
06/30/2023,07/02/2023,AMZN Mktp US*1M0285BW3,Shopping,Sale,-22.11,
06/30/2023,07/02/2023,KUM&amp;GO 1215R AMES,Gas,Sale,-47.61,
07/01/2023,07/02/2023,SQ *FENCELINE BEER LAB,Groceries,Sale,-30.54,
06/29/2023,06/30/2023,FASTRAK VIOLATION CENT,Travel,Sale,-12.00,
06/29/2023,06/30/2023,FASTRAK VIOLATION CENT,Travel,Sale,-34.40,
06/30/2023,06/30/2023,Audible*AA6AJ22M3,Bills & Utilities,Sale,-16.00,
06/27/2023,06/29/2023,AUNT MAUDES,Food & Drink,Sale,-61.90,
06/21/2023,06/21/2023,SPOTIFY TICKETS,Entertainment,Sale,-188.80,
06/18/2023,06/20/2023,SQ *LONDON UNDERGROUND,Food & Drink,Sale,-47.00,
06/19/2023,06/20/2023,BM * SZECHUAN HOUSE,Food & Drink,Sale,-67.16,
06/18/2023,06/20/2023,KUM&amp;GO 1215R AMES,Gas,Sale,-49.82,
06/18/2023,06/19/2023,SQ *FENCELINE BEER LAB,Groceries,Sale,-19.51,
06/17/2023,06/18/2023,O DONNELL ACE HARDWARE,Home,Sale,-21.00,
06/16/2023,06/18/2023,SQ *MUCKY DUCK PUB  LLC.,Food & Drink,Sale,-123.67,
06/15/2023,06/16/2023,SQ *CORNBRED BARBECUE,Food & Drink,Sale,-37.12,
06/15/2023,06/16/2023,O DONNELL ACE HARDWARE,Home,Sale,-53.85,
06/14/2023,06/15/2023,SQ *CORNBRED BARBECUE,Food & Drink,Sale,-26.58,
06/11/2023,06/13/2023,PERFECT GAMES,Entertainment,Sale,-25.41,
06/10/2023,06/12/2023,KUM&amp;GO 0370R GRETNA,Gas,Sale,-40.00,
06/10/2023,06/12/2023,CENEX CUBBY S 09889619,Gas,Sale,-6.16,
06/09/2023,06/12/2023,FSP*VILLE 718,Travel,Return,100.00,
06/10/2023,06/12/2023,CENEX CUBBY S 09889619,Gas,Sale,-50.00,
06/11/2023,06/12/2023,ELEMENT DENVER DOWNTOW,Travel,Sale,-233.81,
06/10/2023,06/12/2023,ROGGEN VALERO,Gas,Sale,-51.73,
06/09/2023,06/11/2023,SHELL OIL 57444238406,Gas,Sale,-44.21,
06/08/2023,06/11/2023,SPROUTES FARMERS MA,Groceries,Sale,-58.12,
06/09/2023,06/11/2023,GOLDEN NUGGET HOTEL LV,Travel,Sale,-38.95,
06/09/2023,06/11/2023,PW SOUTH ELATI PARKING,Travel,Sale,-12.00,
06/08/2023,06/11/2023,FSP*VILLE 718,Travel,Sale,-207.66,
06/08/2023,06/11/2023,HORIZON LIQUOR,Food & Drink,Sale,-22.78,
06/09/2023,06/11/2023,KUM&amp;GO 0905R SILT,Gas,Sale,-11.38,
06/09/2023,06/11/2023,MEOW WOLF,Entertainment,Sale,-100.00,
06/09/2023,06/11/2023,SQ *OCTOPUS COFFEE,Food & Drink,Sale,-39.30,
06/09/2023,06/11/2023,TST* CityO MakeBelieve,Food & Drink,Sale,-117.21,
06/08/2023,06/09/2023,PILOT_00773,Gas,Sale,-39.47,
06/07/2023,06/09/2023,SHELL OIL 12653706015,Gas,Sale,-56.40,
06/07/2023,06/09/2023,CVS/PHARMACY #10348,Health & Wellness,Sale,-6.99,
06/07/2023,06/09/2023,OCEAN PACIFIC LODGE INC,Travel,Sale,-117.49,
06/07/2023,06/09/2023,BELLAGIO - NOODLES,Food & Drink,Sale,-99.51,
06/08/2023,06/09/2023,TEXACO 0304819,Gas,Sale,-46.55,
06/07/2023,06/09/2023,ARCO #42075 AMPM,Gas,Sale,-80.97,
06/07/2023,06/08/2023,GOLDEN NUGGET HOTEL LV,Travel,Sale,-66.67,
06/07/2023,06/08/2023,CALIFORNIA FRUIT DEPOT,Groceries,Sale,-24.20,
06/07/2023,06/08/2023,CHEVRON 0091927,Gas,Sale,-74.33,
06/07/2023,06/08/2023,VEGAN BISTRO,Food & Drink,Sale,-44.64,
06/08/2023,06/08/2023,SQ *BEN &amp; JERRY'S @ GRAND,Food & Drink,Sale,-19.88,
06/06/2023,06/08/2023,BOARDWALK TICKET SALES,Entertainment,Sale,-100.00,
06/07/2023,06/07/2023,MCC*MEDIACOM,Bills & Utilities,Sale,-89.99,
06/06/2023,06/07/2023,BEACH LIQUORS INC,Food & Drink,Sale,-31.86,
06/06/2023,06/07/2023,CHARLIE HONG KONG,Food & Drink,Sale,-35.56,
06/04/2023,06/06/2023,AQUI CAL MEX CAMPBELL,Food & Drink,Sale,-40.81,
06/05/2023,06/05/2023,AUTOMATIC PAYMENT - THANK,,Payment,9240.29,
06/03/2023,06/05/2023,TORO,Food & Drink,Sale,-100.40,
06/03/2023,06/05/2023,RICOS TACOS,Food & Drink,Sale,-25.63,
06/04/2023,06/05/2023,AMZN Mktp US*WS8611UU3,Shopping,Sale,-39.53,
06/04/2023,06/05/2023,SXM*SIRIUSXM.COM/ACCT,Bills & Utilities,Sale,-24.66,
06/03/2023,06/04/2023,ORCHARD VALLEY COFFEE,Food & Drink,Sale,-10.01,
06/03/2023,06/04/2023,AMES FITNESS CENTER - EO,Health & Wellness,Sale,-153.01,
06/03/2023,06/04/2023,FSP*REGALE WINERY AND VIN,Entertainment,Sale,-55.59,
06/03/2023,06/04/2023,NETFLIX.COM,Bills & Utilities,Sale,-21.39,
05/31/2023,06/02/2023,ESALEN KITCHEN,Food & Drink,Sale,-28.43,
05/31/2023,05/31/2023,Audible*5H9PR8DF3,Bills & Utilities,Sale,-16.00,
05/27/2023,05/29/2023,ESALEN KITCHEN,Food & Drink,Sale,-38.25,
05/27/2023,05/29/2023,ESALEN KITCHEN,Food & Drink,Sale,-17.93,
05/25/2023,05/28/2023,ESALEN KITCHEN,Food & Drink,Sale,-31.38,
05/24/2023,05/26/2023,ESALEN KITCHEN,Food & Drink,Sale,-17.82,
05/24/2023,05/25/2023,ESALEN HEALING ARTS,Health & Wellness,Sale,-230.00,
05/23/2023,05/25/2023,ESALEN KITCHEN,Food & Drink,Sale,-40.20,
05/23/2023,05/25/2023,ESALEN KITCHEN,Food & Drink,Sale,-15.69,
05/24/2023,05/24/2023,SAMS SCAN-N-GO,Shopping,Sale,-25.79,
05/20/2023,05/22/2023,ESALEN KITCHEN,Food & Drink,Sale,-11.77,
05/19/2023,05/22/2023,ESALEN KITCHEN,Food & Drink,Sale,-11.77,
05/20/2023,05/21/2023,AMZN Mktp US*GE6FQ1TI3,Shopping,Sale,-12.83,
05/17/2023,05/19/2023,ESALEN KITCHEN,Food & Drink,Sale,-18.21,
05/16/2023,05/18/2023,ESALEN KITCHEN,Food & Drink,Sale,-11.77,
05/15/2023,05/17/2023,ESALEN KITCHEN,Food & Drink,Sale,-27.46,
05/15/2023,05/17/2023,ESALEN KITCHEN,Food & Drink,Sale,-11.77,
05/09/2023,05/10/2023,ESALEN HEALING ARTS,Health & Wellness,Sale,-184.00,
05/09/2023,05/10/2023,ESALEN HEALING ARTS,Health & Wellness,Sale,-184.00,
05/06/2023,05/08/2023,NEPENTHE,Food & Drink,Sale,-83.77,
05/05/2023,05/08/2023,HIGHWAY 1 BREWING CO,Food & Drink,Sale,-49.94,
05/08/2023,05/08/2023,MCC*MEDIACOM,Bills & Utilities,Sale,-89.99,
05/06/2023,05/08/2023,RIVER INN VALERO,Gas,Sale,-69.35,
05/05/2023,05/08/2023,GUSTO PIZZERIA,Food & Drink,Sale,-70.92,
05/06/2023,05/08/2023,THE BREAKFAST CLUB,Food & Drink,Sale,-44.25,
05/06/2023,05/08/2023,ECONOLODGE BAY BREEZE,Travel,Return,150.00,
05/05/2023,05/07/2023,BURGER ME - ROBB,Food & Drink,Sale,-35.66,
05/04/2023,05/07/2023,SHELL OIL10012851019,Gas,Sale,-41.61,
05/04/2023,05/07/2023,HOLIDAY INN ROCK SPRINGS,Travel,Sale,-179.67,
05/06/2023,05/07/2023,ECONOLODGE BAY BREEZE,Travel,Sale,-150.00,
05/06/2023,05/07/2023,ECONOLODGE BAY BREEZE,Travel,Sale,-156.68,
05/05/2023,05/07/2023,HAMPTON INNS,Travel,Sale,-215.57,
05/05/2023,05/07/2023,MAVERIK #427,Gas,Sale,-50.81,
05/05/2023,05/07/2023,CHEVRON 0098933,Gas,Sale,-54.36,
05/05/2023,05/05/2023,AUTOMATIC PAYMENT - THANK,,Payment,2394.48,
05/03/2023,05/05/2023,STINKER 211 I-80 TRVL PL,Gas,Sale,-36.63,
05/04/2023,05/05/2023,PILOT_00141,Gas,Sale,-42.86,
05/04/2023,05/05/2023,LOVE'S #797,Gas,Sale,-48.71,
05/03/2023,05/05/2023,CASEYS #2734,Gas,Sale,-51.46,
05/02/2023,05/04/2023,SHELL OIL 93002280434,Gas,Sale,-46.70,
05/03/2023,05/04/2023,CONOCO - KIMBALL CONOC,Gas,Sale,-44.95,
05/03/2023,05/04/2023,OLD CHICAGO ROCK SPRINGS,Food & Drink,Sale,-47.75,
05/03/2023,05/04/2023,AMES FITNESS CENTER - EO,Health & Wellness,Sale,-153.01,
05/03/2023,05/04/2023,SQ *COALCREEK TAP,Groceries,Sale,-25.10,
05/03/2023,05/04/2023,NETFLIX.COM,Bills & Utilities,Sale,-21.39,
05/04/2023,05/04/2023,SXM*SIRIUSXM.COM/ACCT,Bills & Utilities,Sale,-24.66,
05/02/2023,05/03/2023,DUSTERS RESTAURANT AND,Food & Drink,Sale,-64.17,
05/02/2023,05/03/2023,EYE WORKS,Health & Wellness,Sale,-475.85,
04/30/2023,05/02/2023,CASEYS  STORE 4315,Gas,Sale,-51.95,
05/01/2023,05/02/2023,SQ *CORNBRED BARBECUE,Food & Drink,Sale,-33.00,
05/01/2023,05/02/2023,SQ *CORNBRED BARBECUE,Food & Drink,Sale,-39.96,
04/30/2023,05/01/2023,Audible*HM8M95N51,Bills & Utilities,Sale,-16.00,
04/29/2023,05/01/2023,DRAKE UNIV ATHLETIC DEPT,Education,Sale,-40.00,
04/28/2023,05/01/2023,WILSON TOYOTA,Automotive,Sale,-1878.28,
04/28/2023,04/30/2023,SAMS SCAN-N-GO,Shopping,Sale,-66.85,
04/30/2023,04/30/2023,TST* Wasabi Ames,Food & Drink,Sale,-156.21,
04/29/2023,04/30/2023,SHOE CARNIVAL #495,Shopping,Sale,-71.67,
04/27/2023,04/28/2023,STOMPING GROUNDS CAFE,Food & Drink,Sale,-137.35,
04/26/2023,04/27/2023,SQ *CORNBRED BARBECUE,Food & Drink,Sale,-20.84,
04/25/2023,04/26/2023,MED*MCFARLAND CLINIC,Health & Wellness,Sale,-70.00,
04/23/2023,04/25/2023,MARGARITAS SPORTS BAR,Food & Drink,Sale,-59.90,
04/21/2023,04/23/2023,AMZN Mktp US*HV26C6931,Shopping,Sale,-157.68,
04/22/2023,04/23/2023,SQ *MUCKY DUCK PUB  LLC.,Food & Drink,Sale,-70.67,
04/20/2023,04/23/2023,CASEYS #2905,Gas,Sale,-55.41,
04/22/2023,04/23/2023,ADVANCE AUTO PARTS #6097,Automotive,Sale,-161.84,
04/19/2023,04/21/2023,THE ESALEN INSTITUTE,Education,Sale,-2900.00,
04/18/2023,04/20/2023,VILLAGE INN 700235,Food & Drink,Sale,-27.05,
04/18/2023,04/19/2023,SQ *CORNBRED BARBECUE,Food & Drink,Sale,-40.52,
04/17/2023,04/19/2023,AUNT MAUDES,Food & Drink,Sale,-87.41,
04/16/2023,04/18/2023,THE CAFE,Food & Drink,Sale,-88.40,
04/16/2023,04/17/2023,FUJI STEAKHOUSE IA INC,Food & Drink,Sale,-20.39,
04/16/2023,04/17/2023,FUJI STEAKHOUSE IA INC,Food & Drink,Sale,-56.12,
04/14/2023,04/16/2023,CLOUSER PLUMBING,Home,Sale,-90.95,
04/12/2023,04/13/2023,O DONNELL ACE HARDWARE,Home,Sale,-65.00,
04/12/2023,04/13/2023,SQ *CORNBRED BARBECUE,Food & Drink,Sale,-25.54,
04/10/2023,04/13/2023,MENARDS 3356,Home,Return,42.76,
04/10/2023,04/12/2023,MENARDS 3356,Home,Sale,-24.79,
04/10/2023,04/12/2023,MENARDS 3356,Home,Sale,-19.08,
04/11/2023,04/12/2023,SQ *CORNBRED BARBECUE,Food & Drink,Sale,-14.84,
04/09/2023,04/11/2023,MENARDS 3356,Home,Sale,-135.06,
04/10/2023,04/11/2023,El Azteca,Food & Drink,Sale,-59.38,
04/07/2023,04/09/2023,GRADUATE IOWA CITY,Travel,Sale,-110.88,
04/07/2023,04/09/2023,SQ *LONDON UNDERGROUND,Food & Drink,Sale,-60.50,
04/08/2023,04/09/2023,SQ *THE ANGRY IRISHMEN,Food & Drink,Sale,-30.00,
04/07/2023,04/09/2023,DELLA VITI,Food & Drink,Sale,-70.95,
04/05/2023,04/07/2023,WILSON TOYOTA,Automotive,Sale,-119.56,
04/07/2023,04/07/2023,MCC*MEDIACOM,Bills & Utilities,Sale,-89.99,
04/05/2023,04/06/2023,SQ *CORNBRED BARBECUE,Food & Drink,Sale,-42.82,
04/05/2023,04/05/2023,AUTOMATIC PAYMENT - THANK,,Payment,896.85,
04/04/2023,04/05/2023,SXM*SIRIUSXM.COM/ACCT,Bills & Utilities,Sale,-24.66,
04/03/2023,04/05/2023,CASEYS  STORE 4314,Gas,Sale,-59.95,
04/04/2023,04/05/2023,AMES FITNESS CENTER - EO,Health & Wellness,Sale,-153.01,
04/03/2023,04/04/2023,SQ *CORNBRED BARBECUE,Food & Drink,Sale,-46.54,
04/03/2023,04/04/2023,NETFLIX.COM,Bills & Utilities,Sale,-21.39,
04/01/2023,04/03/2023,AUNT MAUDES,Food & Drink,Sale,-138.69,
04/01/2023,04/02/2023,SQ *MORNING BELL COFFEE R,Food & Drink,Sale,-11.00,
03/31/2023,04/02/2023,INTUIT *TURBOTAX,Shopping,Sale,-25.00,
03/31/2023,03/31/2023,Audible*HY1AP2UV0,Bills & Utilities,Sale,-16.00,
03/25/2023,03/26/2023,AMZN Mktp US*H72EX98Y1,Shopping,Sale,-59.90,
03/24/2023,03/26/2023,TST* Waterfront Seafood -,Food & Drink,Sale,-150.04,
03/25/2023,03/26/2023,SQ *CORNBRED BARBECUE,Food & Drink,Sale,-57.40,
03/21/2023,03/24/2023,CAFE BEAUDELAIRE,Food & Drink,Sale,-43.95,
03/22/2023,03/23/2023,IOWA STATE UNIVERSITY FDN,Personal,Sale,-50.00,
03/21/2023,03/23/2023,KUM&amp;GO 1215 AMES,Gas,Sale,-45.02,
03/22/2023,03/23/2023,Amazon Prime*H755N1850,Bills & Utilities,Sale,-148.73,
03/19/2023,03/21/2023,PERFECT GAMES,Entertainment,Sale,-40.95,
03/19/2023,03/20/2023,SQ *MUCKY DUCK PUB  LLC.,Food & Drink,Sale,-75.23,
03/18/2023,03/19/2023,SQ *THE ANGRY IRISHMEN,Food & Drink,Sale,-128.50,
03/17/2023,03/19/2023,RIEMAN MUSIC INC,Shopping,Sale,-29.53,
03/19/2023,03/19/2023,BEYOND MENU  94087281,Food & Drink,Sale,-109.89,
03/15/2023,03/16/2023,SQ *CORNBRED BARBECUE,Food & Drink,Sale,-29.26,
03/12/2023,03/14/2023,THE BREAKFAST CLUB,Food & Drink,Sale,-46.41,
03/12/2023,03/13/2023,HY-VEE F&amp;F AMES 5013,Gas,Sale,-51.19,
03/11/2023,03/12/2023,TEAMWORKS FUNDRAISING,Gifts & Donations,Sale,-200.00,
03/11/2023,03/12/2023,TST* Wasabi Ames,Food & Drink,Sale,-232.41,
03/10/2023,03/10/2023,MCC*MEDIACOM,Bills & Utilities,Sale,-89.99,
03/08/2023,03/09/2023,SQ *CORNBRED BARBECUE,Food & Drink,Sale,-100.23,
03/07/2023,03/08/2023,Amazon.com*H50R80B71,Shopping,Sale,-10.13,
03/04/2023,03/06/2023,CASEYS  STORE 4315,Gas,Sale,-48.24,
03/05/2023,03/05/2023,AUTOMATIC PAYMENT - THANK,,Payment,4516.32,
03/03/2023,03/05/2023,NETFLIX.COM,Bills & Utilities,Sale,-21.39,
03/04/2023,03/05/2023,SXM*SIRIUSXM.COM/ACCT,Bills & Utilities,Sale,-23.37,
03/01/2023,03/02/2023,SQ *CORNBRED BARBECUE,Food & Drink,Sale,-56.07,
02/28/2023,03/01/2023,SQ *ACPS,Health & Wellness,Sale,-25.00,
02/28/2023,02/28/2023,Audible*HD5FO8US0,Bills & Utilities,Sale,-16.00,
02/26/2023,02/28/2023,LA CASA MAYA,Food & Drink,Sale,-34.69,
02/26/2023,02/27/2023,NEW PIONEERS COOP #2,Groceries,Sale,-17.11,
02/25/2023,02/26/2023,TST* St. Burch Tavern,Food & Drink,Sale,-297.43,
02/25/2023,02/26/2023,TST* BIG GROVE BREWERY -,Food & Drink,Sale,-69.89,
02/16/2023,02/16/2023,AMZN Mktp US*HP2IO0LA0,Shopping,Sale,-18.18,
02/09/2023,02/12/2023,TUSCANY ORD,Food & Drink,Sale,-70.27,
02/09/2023,02/12/2023,HYATT REGENCY O'HARE,Travel,Sale,-140.14,
02/08/2023,02/10/2023,HYATT REGENCY O'HARE F&amp;B,Food & Drink,Sale,-48.94,
02/06/2023,02/08/2023,HYATT REGENCY O'HARE F&amp;B,Food & Drink,Sale,-8.90,
02/07/2023,02/08/2023,KINGS BOWL OF ROSEMONT,Food & Drink,Sale,-20.00,
02/07/2023,02/08/2023,KINGS BOWL OF ROSEMONT,Food & Drink,Sale,-58.71,
02/07/2023,02/07/2023,MCC*MEDIACOM,Bills & Utilities,Sale,-89.99,
02/07/2023,02/07/2023,SAMS SCAN-N-GO,Shopping,Sale,-42.46,
02/06/2023,02/07/2023,EVERTS FLOWERS HOME GIFTS,Shopping,Sale,-93.63,
02/05/2023,02/05/2023,AUTOMATIC PAYMENT - THANK,,Payment,3740.06,
02/04/2023,02/05/2023,SXM*SIRIUSXM.COM/ACCT,Bills & Utilities,Sale,-23.37,
02/03/2023,02/05/2023,NETFLIX.COM,Bills & Utilities,Sale,-21.39,
01/31/2023,02/02/2023,CASEYS  STORE 4315,Gas,Sale,-49.27,
01/31/2023,02/01/2023,AMZN Mktp US*EV24D7Y53,Shopping,Sale,-258.38,
01/31/2023,01/31/2023,Audible*VS36N8FP3,Bills & Utilities,Sale,-16.00,
01/31/2023,01/31/2023,TST* Wasabi Ames,Food & Drink,Sale,-110.95,
01/29/2023,01/30/2023,SAMSCLUB #6568,Shopping,Sale,-361.67,
01/27/2023,01/29/2023,Mucky Duck Pub,Food & Drink,Sale,-59.83,
01/24/2023,01/25/2023,BEYOND MENU  92496808,Food & Drink,Sale,-32.82,
01/22/2023,01/23/2023,BREWDOG USA ONLINESHOP,Shopping,Sale,-59.99,
01/21/2023,01/23/2023,KUM&amp;GO 1215 AMES,Gas,Sale,-26.65,
01/22/2023,01/23/2023,SQ *CORNBRED BARBECUE,Food & Drink,Sale,-98.11,
01/22/2023,01/23/2023,AMZN Mktp US*701YU2PG3,Shopping,Sale,-160.45,
01/21/2023,01/22/2023,LS EMERHOFFS FOOTWEAR,Shopping,Sale,-53.50,
01/20/2023,01/22/2023,AMZN Mktp US*YR4F85J83,Shopping,Sale,-136.16,
01/21/2023,01/22/2023,HARBY PEDALS,Shopping,Sale,-139.00,
01/21/2023,01/22/2023,SQ *CORNBRED BARBECUE,Food & Drink,Sale,-43.54,
01/15/2023,01/17/2023,CASEYS  STORE 4315,Gas,Sale,-47.74,
01/16/2023,01/17/2023,HABITAT FOR HUMANITY OF C,Shopping,Sale,-50.00,
01/13/2023,01/16/2023,AUNT MAUDES,Food & Drink,Sale,-40.03,
01/14/2023,01/16/2023,TRADEHOME SHOES #072,Shopping,Sale,-119.83,
01/12/2023,01/13/2023,Audible*0D7HF9LJ3,Bills & Utilities,Sale,-2.13,
01/12/2023,01/13/2023,Kindle Svcs*EA69J7R73,Shopping,Sale,-3.20,
01/13/2023,01/13/2023,Kindle Svcs*FT0ST9A23,Shopping,Sale,-12.83,
01/12/2023,01/13/2023,Audible*WQ1ST7XZ3,Bills & Utilities,Sale,-18.85,
01/11/2023,01/11/2023,AMZN Mktp US*M48TB35T3,Shopping,Sale,-110.02,
01/10/2023,01/11/2023,FARMERS INS BILLING,Bills & Utilities,Sale,-1988.00,
01/09/2023,01/09/2023,AMZN Mktp US*JX8LD5NO3,Shopping,Sale,-17.11,
01/09/2023,01/09/2023,TST* Wasabi Ames,Food & Drink,Sale,-73.66,
01/07/2023,01/09/2023,Mucky Duck Pub,Food & Drink,Sale,-68.15,
01/07/2023,01/08/2023,MCC*MEDIACOM,Bills & Utilities,Sale,-89.99,
01/07/2023,01/08/2023,SQ *ROOT TO RISE FARM,Groceries,Sale,-500.00,
01/05/2023,01/05/2023,AUTOMATIC PAYMENT - THANK,,Payment,1983.82,
01/04/2023,01/04/2023,SXM*SIRIUSXM.COM/ACCT,Bills & Utilities,Sale,-23.37,
01/03/2023,01/04/2023,NETFLIX.COM,Bills & Utilities,Sale,-21.39,
12/31/2022,01/02/2023,THE CAFE,Food & Drink,Sale,-100.05,
12/31/2022,01/01/2023,Audible*TK9X92HR3,Bills & Utilities,Sale,-16.00,
12/29/2022,12/30/2022,AMZN Mktp US*IF9038U03,Shopping,Sale,-27.88,
12/29/2022,12/30/2022,HY-VEE F&amp;F AMES 5018,Gas,Sale,-47.37,
12/27/2022,12/28/2022,AMES FITNESS CENTER -POS,Health & Wellness,Sale,-492.94,
12/24/2022,12/26/2022,Mucky Duck Pub,Food & Drink,Sale,-90.98,
12/21/2022,12/22/2022,AMZN Mktp US*TO9U56U33,Shopping,Sale,-48.14,
12/19/2022,12/21/2022,VERIZON WRLS M8424-01,Shopping,Sale,-1401.66,
12/18/2022,12/19/2022,TARGET        00011700,Shopping,Sale,-150.87,
12/17/2022,12/19/2022,LOTF_1,Food & Drink,Sale,-156.40,
12/19/2022,12/19/2022,AMZN Mktp US*7Q7F27CV3,Shopping,Sale,-28.88,
12/18/2022,12/19/2022,SAMSCLUB #6568,Shopping,Sale,-141.92,
12/15/2022,12/18/2022,SQ *LONDON UNDERGROUND,Food & Drink,Sale,-52.00,
12/15/2022,12/18/2022,SQ *THE ANGRY IRISHMEN,Food & Drink,Sale,-53.25,
12/14/2022,12/15/2022,Kindle Svcs*P27EP2ET3,Shopping,Sale,-4.27,
12/14/2022,12/15/2022,TST* BIG GROVE BREWERY -,Food & Drink,Sale,-168.46,
12/13/2022,12/14/2022,BOULDER TAP HOUSE AMES,Food & Drink,Sale,-42.08,
12/12/2022,12/14/2022,KUM&amp;GO 1215 AMES,Gas,Sale,-56.53,
12/09/2022,12/11/2022,AMZN Mktp US*V610N7A63,Shopping,Sale,-25.63,
12/08/2022,12/08/2022,AMZN Mktp US*BR9XA08A3,Shopping,Sale,-86.81,
12/08/2022,12/08/2022,MCC*MEDIACOM,Bills & Utilities,Sale,-89.99,
12/05/2022,12/06/2022,SAMS SCAN-N-GO,Shopping,Sale,-101.14,
12/04/2022,12/06/2022,CAFEBEAUDELAIRE,Food & Drink,Sale,-70.25,
12/05/2022,12/05/2022,AUTOMATIC PAYMENT - THANK,,Payment,3024.41,
12/03/2022,12/04/2022,AMZN Mktp US*EZ63X4CY3,Shopping,Sale,-12.39,
12/04/2022,12/04/2022,SXM*SIRIUSXM.COM/ACCT,Bills & Utilities,Sale,-7.78,
12/03/2022,12/04/2022,NETFLIX.COM,Bills & Utilities,Sale,-21.39,
11/30/2022,12/01/2022,Audible*M07Z67AP3,Bills & Utilities,Sale,-16.00,
11/30/2022,12/01/2022,CC* CITY OF AMES IA,Bills & Utilities,Sale,-23.00,
11/27/2022,11/29/2022,KUM&amp;GO 1215 AMES,Gas,Sale,-61.09,
11/28/2022,11/28/2022,TST* Wasabi Ames,Food & Drink,Sale,-99.06,
11/24/2022,11/27/2022,KUM&amp;GO 1215 AMES,Gas,Sale,-47.41,
11/21/2022,11/23/2022,AUNT MAUDES,Food & Drink,Sale,-60.62,
11/20/2022,11/22/2022,CAFEBEAUDELAIRE,Food & Drink,Sale,-67.02,
11/19/2022,11/21/2022,CYCLONE LIQUORS - AMES,Food & Drink,Sale,-24.12,
11/19/2022,11/20/2022,SAMS SCAN-N-GO,Shopping,Sale,-77.19,
11/18/2022,11/20/2022,AMZN Mktp US*HI16Y5ZX2,Shopping,Sale,-442.23,
11/18/2022,11/18/2022,AMZN Mktp US*HI4LN0BF0,Shopping,Sale,-12.79,
11/16/2022,11/17/2022,Kindle Svcs*HI4804LW1,Shopping,Sale,-12.83,
11/15/2022,11/16/2022,MGMC MYCHART,Health & Wellness,Sale,-79.60,
11/15/2022,11/16/2022,Audible*HB6HK7G02,Bills & Utilities,Sale,-38.39,
11/14/2022,11/14/2022,TST* Wasabi Ames,Food & Drink,Sale,-83.82,
11/11/2022,11/13/2022,HY-VEE F&amp;F AMES 5018,Gas,Sale,-53.78,
11/10/2022,11/11/2022,Icelandair Saga Kitchen,Shopping,Sale,-20.53,
11/10/2022,11/11/2022,Icelandair Saga Kitchen,Shopping,Sale,-12.32,
11/09/2022,11/10/2022,Nord,Food & Drink,Sale,-45.93,
11/09/2022,11/10/2022,Reykjavik Roasters,Food & Drink,Sale,-11.12,
11/09/2022,11/10/2022,Hreyfill 29,Travel,Sale,-102.87,
11/08/2022,11/10/2022,Einstok Bar,Food & Drink,Sale,-19.17,
11/08/2022,11/10/2022,Dillon ehf,Food & Drink,Sale,-19.93,
11/09/2022,11/10/2022,Loksins Bar Reykjavik,Food & Drink,Sale,-33.11,
11/09/2022,11/10/2022,DUDLEYS CORNER,Gas,Sale,-41.85,
11/08/2022,11/09/2022,Hid Islenska Redasafn,Entertainment,Sale,-34.23,
11/07/2022,11/09/2022,The Laundromat Cafe,Food & Drink,Sale,-4.74,
11/07/2022,11/09/2022,IslandsApotek,Health & Wellness,Sale,-16.57,
11/08/2022,11/09/2022,Vitabar,Food & Drink,Sale,-28.07,
11/07/2022,11/09/2022,IslandsApotek,Health & Wellness,Sale,-4.68,
11/07/2022,11/08/2022,Mal og menning Veiting,Food & Drink,Sale,-23.72,
11/07/2022,11/08/2022,Blessing ehf,Food & Drink,Sale,-75.57,
11/07/2022,11/08/2022,Heilsugaeslan Midbae,Health & Wellness,Sale,-73.13,
11/07/2022,11/08/2022,SUNDHOLL RVIKU,Home,Sale,-15.59,
11/07/2022,11/08/2022,Einstok Bar,Food & Drink,Sale,-16.27,
11/06/2022,11/07/2022,Krambudin Skolavordust 33,Groceries,Sale,-26.86,
11/07/2022,11/07/2022,MCC*MEDIACOM,Bills & Utilities,Sale,-79.99,
11/06/2022,11/07/2022,Reykjavik Roasters,Food & Drink,Sale,-10.99,
11/06/2022,11/07/2022,Tonleikar,Health & Wellness,Sale,-7.46,
11/06/2022,11/07/2022,Brewdog,Food & Drink,Sale,-10.10,
11/06/2022,11/07/2022,Prime Video *H05D83YK2,Shopping,Sale,-5.34,
11/05/2022,11/06/2022,Mango Veitingar Ehf,Food & Drink,Sale,-71.91,
11/06/2022,11/06/2022,AMZN Mktp US*H01CO3RA2,Shopping,Sale,-108.67,
11/04/2022,11/06/2022,SXM*SIRIUSXM.COM/ACCT,Bills & Utilities,Sale,-7.78,
11/05/2022,11/06/2022,SUNDHOLL RVIKU,Home,Sale,-15.59,
11/05/2022,11/06/2022,Prikid,Food & Drink,Sale,-8.74,
11/04/2022,11/06/2022,Tonleikar,Health & Wellness,Sale,-18.30,
11/04/2022,11/06/2022,Tonleikar,Health & Wellness,Sale,-7.45,
11/04/2022,11/06/2022,Hurra,Food & Drink,Sale,-20.33,
11/04/2022,11/06/2022,Sky Lagoon,Health & Wellness,Sale,-49.34,
11/04/2022,11/06/2022,BONUS LAUGAVEG,Groceries,Sale,-9.99,
11/04/2022,11/06/2022,Hurra,Food & Drink,Sale,-24.40,
11/06/2022,11/06/2022,AMZN Mktp US*H22UZ45E1,Shopping,Sale,-12.83,
11/04/2022,11/06/2022,Sky Lagoon,Health & Wellness,Sale,-50.69,
11/04/2022,11/04/2022,AUTOMATIC PAYMENT - THANK,,Payment,1261.39,
11/03/2022,11/04/2022,Reykjavik Roasters,Food & Drink,Sale,-5.36,
11/03/2022,11/04/2022,Svarta Kaffid,Food & Drink,Sale,-56.46,
11/03/2022,11/04/2022,Reykjavik Roasters,Food & Drink,Sale,-11.15,
11/03/2022,11/04/2022,NETFLIX.COM,Bills & Utilities,Sale,-21.39,
11/03/2022,11/04/2022,Idno,Food & Drink,Sale,-8.81,
11/03/2022,11/04/2022,TONLEIKAR,Food & Drink,Sale,-19.04,
11/01/2022,11/03/2022,Bravo.,Food & Drink,Sale,-19.39,
11/02/2022,11/03/2022,RED - afgreidsla BSI,Travel,Sale,-156.89,
11/01/2022,11/03/2022,Den Danske Kro,Food & Drink,Sale,-10.04,
11/02/2022,11/03/2022,Lindin Veitingahus ehf.,Food & Drink,Sale,-66.16,
11/02/2022,11/03/2022,BONUS HVERAGERDI,Groceries,Sale,-17.82,
11/02/2022,11/03/2022,Laugarvatn Fontana,Health & Wellness,Sale,-95.30,
11/01/2022,11/03/2022,Den Danske Kro,Food & Drink,Sale,-10.04,
11/01/2022,11/02/2022,Braud og co - Frakkastig,Food & Drink,Sale,-32.13,
11/01/2022,11/02/2022,Reykjavik Roasters,Food & Drink,Sale,-11.23,
11/02/2022,11/02/2022,Prime Video *H23QM8NO0,Shopping,Sale,-5.34,
10/31/2022,11/02/2022,The Laundromat Cafe,Food & Drink,Sale,-36.83,
10/31/2022,11/01/2022,Icelandair Saga Kitchen,Shopping,Sale,-12.51,
10/31/2022,11/01/2022,Braud og co - Frakkastig,Food & Drink,Sale,-18.28,
10/31/2022,11/01/2022,Ferdaskrifstofa Kynnisfe,Travel,Sale,-63.95,
10/31/2022,11/01/2022,SUNDHOLL RVIKU,Home,Sale,-15.99,
10/31/2022,11/01/2022,Reykjavik Roasters,Food & Drink,Sale,-11.27,
10/31/2022,11/01/2022,Icelandair Saga Kitchen,Shopping,Sale,-20.86,
10/31/2022,11/01/2022,Icelandair Saga Kitchen,Shopping,Sale,-12.51,
10/31/2022,10/31/2022,Audible*H07W614R2,Bills & Utilities,Sale,-16.00,
10/30/2022,10/31/2022,PHILLIPS 66 - SWIFT ST,Gas,Sale,-32.77,
10/29/2022,10/31/2022,HIGHCLASSGLASSIOWA,Shopping,Sale,-71.66,
10/27/2022,10/28/2022,THE SPICE THAI CUISINE,Food & Drink,Sale,-65.11,
10/27/2022,10/28/2022,AMZN Mktp US*H020I2X20,Shopping,Sale,-10.48,
10/27/2022,10/28/2022,Amazon.com*H01YM9MW0,Shopping,Sale,-34.23,
10/24/2022,10/25/2022,Amazon.com*H85R292D1,Shopping,Sale,-44.14,
10/23/2022,10/24/2022,DELLA VITI,Food & Drink,Sale,-64.36,
10/22/2022,10/23/2022,O DONNELL ACE HARDWARE,Home,Sale,-59.00,
10/21/2022,10/23/2022,GOODWILL AMES,Shopping,Sale,-41.00,
10/22/2022,10/23/2022,AMZN Mktp US*HT6K259N2,Shopping,Sale,-29.95,
10/21/2022,10/23/2022,SQ *ACPS,Health & Wellness,Sale,-25.00,
10/17/2022,10/18/2022,Nest apartments EUR,Travel,Sale,-509.45,
10/14/2022,10/17/2022,LOTF_1,Food & Drink,Sale,-134.40,
10/17/2022,10/17/2022,TST* Wasabi Ames,Food & Drink,Sale,-62.43,
10/12/2022,10/13/2022,MCFARLAND CLINIC BUSINESS,Health & Wellness,Sale,-167.60,
10/11/2022,10/12/2022,Kindle Svcs*HT10Y3CL0,Shopping,Sale,-10.69,
10/09/2022,10/11/2022,KUM&amp;GO 1215 AMES,Gas,Sale,-55.01,
10/06/2022,10/09/2022,RIEMAN MUSIC INC,Shopping,Sale,-21.35,
10/08/2022,10/09/2022,MCC*MEDIACOM,Bills & Utilities,Sale,-79.99,
10/05/2022,10/05/2022,AUTOMATIC PAYMENT - THANK,,Payment,6067.54,
10/04/2022,10/05/2022,SXM*SIRIUSXM.COM/ACCT,Bills & Utilities,Sale,-7.78,
10/04/2022,10/04/2022,TST* Wasabi Ames,Food & Drink,Sale,-87.00,
10/03/2022,10/04/2022,NETFLIX.COM,Bills & Utilities,Sale,-21.39,
10/03/2022,10/04/2022,Kindle Svcs*146E49PX2,Shopping,Sale,-14.97,
09/30/2022,09/30/2022,Audible*1453P7N61,Bills & Utilities,Sale,-16.00,
09/28/2022,09/29/2022,PY *Dentistry At Somerset,Health & Wellness,Sale,-126.86,
09/27/2022,09/28/2022,SQ *CORNBRED BARBECUE,Food & Drink,Sale,-62.62,
09/27/2022,09/27/2022,TST* Wasabi Ames,Food & Drink,Sale,-116.85,
09/25/2022,09/27/2022,KUM&amp;GO 1215 AMES,Gas,Sale,-54.88,
09/23/2022,09/25/2022,Mucky Duck Pub,Food & Drink,Sale,-88.64,
09/21/2022,09/23/2022,WWW.VEORIDE.COM,Shopping,Return,14.71,
09/21/2022,09/22/2022,WWW.VEORIDE.COM,Shopping,Sale,-14.71,
09/21/2022,09/22/2022,WWW.VEORIDE.COM,Shopping,Sale,-20.00,
09/21/2022,09/22/2022,Audible*1M5SK3YP0,Bills & Utilities,Sale,-6.37,
09/21/2022,09/22/2022,PIZZA DADDY'S,Food & Drink,Sale,-26.90,
09/18/2022,09/21/2022,ICELANDAIR,Travel,Sale,-446.18,
09/20/2022,09/21/2022,CLOCK HOUSE BREWING,Food & Drink,Sale,-37.29,
09/20/2022,09/21/2022,BLACK SHEEP SOCIAL CLUB,Food & Drink,Sale,-69.79,
09/20/2022,09/21/2022,Kindle Svcs*1U8GH0FT1,Shopping,Sale,-14.97,
09/13/2022,09/15/2022,SQ *CORNBRED BARBECUE,Food & Drink,Sale,-28.19,
09/07/2022,09/07/2022,MCC*MEDIACOM,Bills & Utilities,Sale,-79.99,
09/06/2022,09/07/2022,TST* Wasabi Ames,Food & Drink,Sale,-85.81,
09/05/2022,09/05/2022,AUTOMATIC PAYMENT - THANK,,Payment,1773.42,
09/04/2022,09/05/2022,SXM*SIRIUSXM.COM/ACCT,Bills & Utilities,Sale,-7.78,
09/03/2022,09/04/2022,NETFLIX.COM,Bills & Utilities,Sale,-21.39,
09/02/2022,09/04/2022,SQ *ALLUVIAL BREWING COMP,Food & Drink,Sale,-28.90,
08/30/2022,09/01/2022,AUNT MAUDES,Food & Drink,Sale,-43.99,
08/31/2022,08/31/2022,Audible*1V4N28M51,Bills & Utilities,Sale,-16.00,
08/29/2022,08/30/2022,LA CASA MAYA,Food & Drink,Sale,-47.70,
08/24/2022,08/30/2022,TOUR CENTRAL PARK INC,Shopping,Sale,-54.44,
08/28/2022,08/30/2022,STEWART HOTEL,Travel,Sale,-367.26,
08/28/2022,08/29/2022,ALG*AIR     BYTJGM,Travel,Sale,-50.00,
08/28/2022,08/29/2022,ALG*AIR     BYTJGM,Travel,Sale,-50.00,
08/27/2022,08/29/2022,PLANT BAR EAST VILLAGE,Food & Drink,Sale,-192.02,
08/28/2022,08/29/2022,SQ *GRACE'S,Food & Drink,Sale,-76.62,
08/26/2022,08/28/2022,PIO BAGEL,Food & Drink,Sale,-19.94,
08/26/2022,08/28/2022,LUNA PARK IN CONEY ISLAN,Entertainment,Sale,-207.00,
08/25/2022,08/28/2022,MUSTANG HARRY`S,Food & Drink,Sale,-45.20,
08/26/2022,08/28/2022,SEATGEEK EVENT TICKETS,Entertainment,Sale,-658.56,
08/25/2022,08/28/2022,MSG CONCESSIONS,Food & Drink,Sale,-17.00,
08/26/2022,08/28/2022,BRYANT MARKET,Groceries,Sale,-23.85,
08/25/2022,08/28/2022,STATUE CRUISES,Travel,Sale,-50.00,
08/26/2022,08/28/2022,FLOWERS ON ESSEX LLC,Shopping,Sale,-16.25,
08/26/2022,08/28/2022,TST* Spicy Moon Vegetaria,Food & Drink,Sale,-166.35,
08/25/2022,08/28/2022,MTA*METROCARD MACHINE,Travel,Sale,-11.00,
08/25/2022,08/26/2022,SEATGEEK EVENT TICKETS,Entertainment,Sale,-150.00,
08/24/2022,08/26/2022,NILES NEW YORK CITY,Food & Drink,Sale,-36.31,
08/24/2022,08/26/2022,TST* Vegan on the fly,Food & Drink,Sale,-59.85,
08/25/2022,08/26/2022,HAPPY VEGGIE RESTAURANT,Food & Drink,Sale,-76.63,
08/25/2022,08/26/2022,SEATGEEK TICKETS,Entertainment,Sale,-76.61,
08/25/2022,08/26/2022,SQ *PLANT-BAKED,Food & Drink,Sale,-26.50,
08/25/2022,08/26/2022,SMASHBURGER #1732,Food & Drink,Sale,-21.39,
08/23/2022,08/25/2022,MSG MERCH STORE,Shopping,Sale,-17.00,
08/23/2022,08/25/2022,MSG MERCH STORE,Shopping,Sale,-34.50,
08/23/2022,08/24/2022,SEATGEEK EVENT TICKETS,Entertainment,Sale,-41.98,
08/22/2022,08/24/2022,ONE WORLD OBSY CAFE,Food & Drink,Sale,-28.24,
08/22/2022,08/24/2022,ONE WORLD OBSY KIOSKS,Shopping,Sale,-148.08,
08/23/2022,08/24/2022,HAPPY VEGGIE RESTAURANT,Food & Drink,Sale,-82.95,
08/23/2022,08/24/2022,SQ *PASTE + JASON LAURITS,Shopping,Sale,-38.00,
08/23/2022,08/24/2022,SEATGEEK TICKETS,Entertainment,Return,197.80,
08/23/2022,08/24/2022,Kindle Svcs*FF1X89DU3,Shopping,Sale,-36.71,
08/22/2022,08/23/2022,DAVE &amp; BUSTERS 50 PWC,Entertainment,Sale,-28.00,
08/22/2022,08/23/2022,TST* Prova Pizzabar - Tim,Food & Drink,Sale,-6.53,
08/22/2022,08/23/2022,SEATGEEK EVENT TICKETS,Entertainment,Sale,-1116.76,
08/22/2022,08/23/2022,TST* Prova Pizzabar - Tim,Food & Drink,Sale,-35.52,
08/22/2022,08/23/2022,KARAKATTA,Food & Drink,Sale,-65.00,
08/22/2022,08/23/2022,TST* TEMERARIO,Food & Drink,Sale,-23.24,
08/21/2022,08/22/2022,SQ *BEYOND SUSHI 37TH STR,Food & Drink,Sale,-90.39,
08/21/2022,08/22/2022,ALG*AIR     BYTJGM,Travel,Sale,-10.00,
08/21/2022,08/22/2022,ALG*AIR     BYTJGM,Travel,Sale,-100.00,
08/21/2022,08/22/2022,NJT NWK-INT AIR   0358,Travel,Sale,-31.00,
08/21/2022,08/22/2022,Mucky Duck Pub,Food & Drink,Sale,-80.01,
08/21/2022,08/22/2022,SQ *WILLOW VEGAN RESTAURA,Food & Drink,Sale,-130.16,
08/18/2022,08/19/2022,AOK ATOMIC,Shopping,Sale,-72.76,
08/17/2022,08/18/2022,AMZN Mktp US*XZ4OJ2D53,Shopping,Sale,-68.26,
08/13/2022,08/15/2022,SPARKY'S ONE STOP,Gas,Sale,-58.63,
08/13/2022,08/15/2022,TST* Wilbo,Food & Drink,Sale,-34.26,
08/13/2022,08/15/2022,KUM&amp;GO 1113 AMES,Gas,Sale,-37.68,
08/12/2022,08/14/2022,STOMPING GROUNDS CAFE,Food & Drink,Sale,-85.62,
08/11/2022,08/14/2022,THE CAFE,Food & Drink,Sale,-217.25,
08/10/2022,08/11/2022,SEATGEEK EVENT TICKETS,Entertainment,Sale,-327.88,
08/09/2022,08/10/2022,SEATGEEK TICKETS,Entertainment,Sale,-197.80,
08/09/2022,08/10/2022,SQ *CORNBRED BARBECUE,Food & Drink,Sale,-53.70,
08/08/2022,08/08/2022,TST* Wasabi Ames,Food & Drink,Sale,-129.23,
08/05/2022,08/08/2022,AUNT MAUDES,Food & Drink,Sale,-103.28,
08/07/2022,08/07/2022,MCC*MEDIACOM,Bills & Utilities,Sale,-79.99,
08/05/2022,08/05/2022,AUTOMATIC PAYMENT - THANK,,Payment,4518.03,
08/03/2022,08/04/2022,NETFLIX.COM,Bills & Utilities,Sale,-21.39,
08/04/2022,08/04/2022,SXM*SIRIUSXM.COM/ACCT,Bills & Utilities,Sale,-7.78,
08/02/2022,08/03/2022,THE SPICE THAI CUISINE,Food & Drink,Sale,-74.49,
08/02/2022,08/03/2022,Mucky Duck Pub,Food & Drink,Sale,-65.80,
07/29/2022,08/01/2022,BACKES COMMERCIAL AUCTION,Professional Services,Sale,-1064.65,
07/31/2022,07/31/2022,Audible*1G0XL8AS3,Bills & Utilities,Sale,-16.00,
07/28/2022,07/29/2022,EB ARKANSAUCE,Personal,Sale,-28.72,
07/27/2022,07/28/2022,GOOGLE *Google Storage,Shopping,Sale,-32.09,
07/25/2022,07/26/2022,EIG*BLUEHOST.COM,Bills & Utilities,Sale,-18.99,
07/24/2022,07/25/2022,AMZN Mktp US*172UI7Z13,Shopping,Sale,-27.81,
07/24/2022,07/24/2022,AMZN Mktp US*849EL2HY3,Shopping,Sale,-19.25,
07/17/2022,07/19/2022,QT 559,Gas,Sale,-67.26,
07/17/2022,07/18/2022,AMZN Mktp US*B51TB4JJ3,Shopping,Sale,-25.67,
07/17/2022,07/18/2022,TST* Wasabi Ames,Food & Drink,Sale,-66.63,
07/14/2022,07/17/2022,REBELLION BREW HAUS,Food & Drink,Sale,-10.00,
07/14/2022,07/15/2022,AMZN Mktp US*YW5587O53,Shopping,Sale,-29.95,
07/13/2022,07/14/2022,UBER   TRIP,Travel,Sale,-10.16,
07/13/2022,07/13/2022,UBER   TRIP,Travel,Sale,-12.62,
07/10/2022,07/11/2022,PHILLIPS 66 - SOUTH GA,Gas,Sale,-59.46,
07/08/2022,07/08/2022,MCC*MEDIACOM,Bills & Utilities,Sale,-79.99,
07/07/2022,07/08/2022,Sky Lagoon,Health & Wellness,Sale,-205.55,
07/06/2022,07/07/2022,SKUNK RIVER CYCLES,Shopping,Sale,-144.45,
07/05/2022,07/05/2022,AUTOMATIC PAYMENT - THANK,,Payment,1912.14,
07/04/2022,07/04/2022,SXM*SIRIUSXM.COM/ACCT,Bills & Utilities,Sale,-7.78,
07/03/2022,07/04/2022,NETFLIX.COM,Bills & Utilities,Sale,-21.39,
06/30/2022,07/03/2022,THE CAFE,Food & Drink,Sale,-70.99,
06/30/2022,06/30/2022,Audible*5Q2Y05P63,Bills & Utilities,Sale,-16.00,
06/29/2022,06/30/2022,AMZN Mktp US*OZ5BQ2HP3,Shopping,Sale,-29.81,
06/27/2022,06/29/2022,AUNT MAUDES,Food & Drink,Sale,-43.71,
06/25/2022,06/26/2022,SQ *LONDON UNDERGROUND,Food & Drink,Sale,-15.00,
06/25/2022,06/26/2022,TST* JALEO CHICAGO,Food & Drink,Sale,-66.93,
06/24/2022,06/26/2022,MAP ROOM,Food & Drink,Sale,-31.16,
06/24/2022,06/26/2022,VENTRA VENDING 07102,Travel,Sale,-3.00,
06/24/2022,06/26/2022,TST* Thai Flavors Ingerso,Food & Drink,Sale,-73.60,
06/21/2022,06/26/2022,QUARTINO ITALIAN WINE,Food & Drink,Sale,-47.72,
06/24/2022,06/26/2022,EMBASSY SUITES,Travel,Sale,-913.86,
06/24/2022,06/26/2022,FARMER'S FRIDGE,Groceries,Sale,-11.35,
06/23/2022,06/24/2022,HOTEL ACCOMMODATIONS,Travel,Sale,-1572.78,
06/23/2022,06/24/2022,SHAMROCK CLUB,Food & Drink,Sale,-109.00,
06/22/2022,06/23/2022,ALLEGNT*AIR BYTJGM,Travel,Sale,-450.00,
06/22/2022,06/23/2022,SQ *TINY TAPP &amp; CAFE,Food & Drink,Sale,-52.30,
06/21/2022,06/22/2022,VENTRA VENDING 05304,Travel,Sale,-5.00,
06/20/2022,06/21/2022,AMZN Mktp US*3P4086S93,Shopping,Sale,-35.29,
06/20/2022,06/21/2022,HY-VEE F&amp;F AMES 5018,Gas,Sale,-69.74,
06/20/2022,06/20/2022,TST* Wasabi Ames,Food & Drink,Sale,-135.01,
06/14/2022,06/15/2022,WWW.WEARGUSTIN.COM,Shopping,Return,88.00,
06/13/2022,06/14/2022,AMZN Mktp US*ZB9JW25G3,Shopping,Sale,-74.89,
06/13/2022,06/13/2022,TST* Wasabi Ames,Food & Drink,Sale,-65.97,
06/09/2022,06/12/2022,TST* Crazy Horse Beer &amp; B,Food & Drink,Sale,-29.26,
06/09/2022,06/10/2022,PHILLIPS 66 - SWIFT ST,Gas,Sale,-45.60,
06/08/2022,06/09/2022,NORTH GRAND CINEMA,Entertainment,Sale,-90.90,
06/07/2022,06/07/2022,MCC*MEDIACOM,Bills & Utilities,Sale,-79.99,
06/06/2022,06/07/2022,HY-VEE F&amp;F AMES 5018,Gas,Sale,-43.82,
06/05/2022,06/07/2022,GBTFEE0167750167752864291,Travel,Sale,-5.00,
06/06/2022,06/06/2022,TST* Wasabi Ames,Food & Drink,Sale,-82.50,
06/05/2022,06/05/2022,AUTOMATIC PAYMENT - THANK,,Payment,755.51,
06/03/2022,06/05/2022,UNITED      0167752864291,Travel,Sale,-600.91,
06/04/2022,06/05/2022,SXM*SIRIUSXM.COM/ACCT,Bills & Utilities,Sale,-7.78,
06/03/2022,06/05/2022,SQ *CORNBRED BARBECUE,Food & Drink,Sale,-31.94,
06/04/2022,06/05/2022,AMZN Mktp US*S75PW4IA3,Shopping,Sale,-0.09,
06/03/2022,06/05/2022,NETFLIX.COM,Bills & Utilities,Sale,-21.39,
05/29/2022,05/31/2022,CASEYS #0095,Gas,Sale,-45.10,
05/31/2022,05/31/2022,Audible*1X7S35NO0,Bills & Utilities,Sale,-16.00,
05/30/2022,05/30/2022,TST* Wasabi Ames,Food & Drink,Sale,-114.31,
05/28/2022,05/30/2022,CASEYS #2881,Gas,Sale,-64.33,
05/27/2022,05/29/2022,BEST BUY      00008128,Shopping,Sale,-40.64,
05/26/2022,05/29/2022,CASEYS #2298,Gas,Sale,-62.48,
05/27/2022,05/29/2022,HOLUB GREENHOUSES,Home,Sale,-56.36,
05/26/2022,05/27/2022,SQ *CORNBRED BARBECUE,Food & Drink,Sale,-25.47,
05/25/2022,05/27/2022,APPLEBEES 879300210021,Food & Drink,Sale,-57.08,
05/25/2022,05/27/2022,FLAME-N-SKEWER,Food & Drink,Sale,-32.47,
05/23/2022,05/25/2022,CASEYS #2298,Gas,Sale,-40.43,
05/23/2022,05/25/2022,TARGET        00011700,Shopping,Sale,-102.71,
05/20/2022,05/22/2022,AMZN Mktp US*1X82B6OP1,Shopping,Sale,-74.89,
05/18/2022,05/18/2022,TST* Wasabi Ames,Food & Drink,Sale,-115.58,
05/12/2022,05/13/2022,HY-VEE F&amp;F AMES 5018,Gas,Sale,-74.85,
05/11/2022,05/12/2022,ELIZABELLA FLOWER FARM,Shopping,Sale,-12.84,
05/08/2022,05/09/2022,O DONNELL ACE HARDWARE,Home,Sale,-127.00,
05/08/2022,05/09/2022,AMZN Mktp US*1L7KV4141,Shopping,Sale,-64.18,
05/08/2022,05/08/2022,MCC*MEDIACOM,Bills & Utilities,Sale,-79.99,
05/05/2022,05/05/2022,AUTOMATIC PAYMENT - THANK,,Payment,3581.71,
05/04/2022,05/04/2022,SXM*SIRIUSXM.COM/ACCT,Bills & Utilities,Sale,-7.78,
05/03/2022,05/04/2022,NETFLIX.COM,Bills & Utilities,Sale,-21.39,
05/03/2022,05/03/2022,TST* Wasabi Ames,Food & Drink,Sale,-70.58,
04/30/2022,05/02/2022,SQ *CORNBRED BARBECUE,Food & Drink,Sale,-98.64,
05/01/2022,05/02/2022,AMZN Mktp US*1Q3CM1VC0,Shopping,Sale,-65.94,
04/30/2022,05/01/2022,Audible*1Q29W1TR0,Bills & Utilities,Sale,-16.00,
04/29/2022,04/29/2022,1-800-FLOWERS.COM INC.,Shopping,Sale,-74.88,
04/23/2022,04/24/2022,PHILLIPS 66 - SWIFT ST,Gas,Sale,-64.48,
04/19/2022,04/19/2022,TST* Wasabi Ames,Food & Drink,Sale,-78.13,
04/17/2022,04/18/2022,Amazon.com*1O6QG1MH1,Shopping,Sale,-10.69,
04/16/2022,04/17/2022,BOULDER TAP HOUSE AMES,Food & Drink,Sale,-25.29,
04/13/2022,04/14/2022,AMZN Mktp US*1A39B8OT2,Shopping,Sale,-13.90,
04/09/2022,04/10/2022,PHILLIPS 66 - SWIFT ST,Gas,Sale,-5.06,
04/09/2022,04/10/2022,TST* Wasabi Ames,Food & Drink,Sale,-122.76,
04/06/2022,04/07/2022,SQ *LOCKWOOD,Food & Drink,Sale,-30.48,
04/07/2022,04/07/2022,MCC*MEDIACOM,Bills & Utilities,Sale,-79.99,
04/05/2022,04/06/2022,AMZN Mktp US*1H3J46OY2,Shopping,Sale,-379.26,
04/05/2022,04/05/2022,AUTOMATIC PAYMENT - THANK,,Payment,944.37,
04/04/2022,04/05/2022,PERFECT GAMES,Food & Drink,Sale,-80.54,
04/03/2022,04/04/2022,NETFLIX.COM,Bills & Utilities,Sale,-21.39,
04/04/2022,04/04/2022,SXM*SIRIUSXM.COM/ACCT,Bills & Utilities,Sale,-7.78,
04/03/2022,04/04/2022,Amazon.com*1H0MU5BI1,Shopping,Sale,-17.06,
04/02/2022,04/03/2022,AMZN Mktp US*1H9RB9VY1,Shopping,Sale,-35.98,
04/01/2022,04/03/2022,SQ *CORNBRED BARBECUE,Food & Drink,Sale,-62.08,
04/01/2022,04/01/2022,TST* Wasabi Ames,Food & Drink,Sale,-78.74,
03/31/2022,03/31/2022,Audible*1685Z01K2,Bills & Utilities,Sale,-16.00,
03/31/2022,03/31/2022,TST* Wasabi Ames,Food & Drink,Sale,-123.00,
03/26/2022,03/28/2022,WILSON TOYOTA,Automotive,Sale,-97.56,
03/27/2022,03/28/2022,TST* Wasabi Ames,Food & Drink,Sale,-153.79,
03/25/2022,03/28/2022,FLAME-N-SKEWER,Food & Drink,Sale,-52.10,
03/25/2022,03/27/2022,FANDANGO    *,Entertainment,Sale,-21.78,
03/22/2022,03/23/2022,Amazon Prime*1620I2OO1,Bills & Utilities,Sale,-127.33,
03/21/2022,03/23/2022,AUNT MAUDES,Food & Drink,Sale,-142.03,
03/21/2022,03/22/2022,AMZN Mktp US*1N8OC2LA2,Shopping,Sale,-113.77,
03/20/2022,03/21/2022,TST* Wasabi Ames,Food & Drink,Sale,-114.16,
03/18/2022,03/20/2022,KUM&amp;GO 1215 AMES,Gas,Sale,-54.83,
03/18/2022,03/20/2022,HOTEL ACCOMMODATIONS,Travel,Sale,-110.58,
03/14/2022,03/15/2022,ADVANCE AUTO PARTS #6097,Automotive,Sale,-180.05,
03/12/2022,03/15/2022,RIVERFRONT RAMP 8079,Travel,Sale,-18.00,
03/13/2022,03/15/2022,RIVERFRONT RAMP 8079,Travel,Sale,-17.00,
03/14/2022,03/15/2022,ALOFT HOTEL MINNEAPOLIS,Travel,Sale,-90.39,
03/15/2022,03/15/2022,TST* Wasabi Ames,Food & Drink,Sale,-106.67,
03/14/2022,03/14/2022,TST* Wasabi Ames,Food & Drink,Sale,-102.87,
03/13/2022,03/14/2022,INDIA KITCHEN LLC,Food & Drink,Sale,-77.64,
03/13/2022,03/14/2022,TST* PENNY S COFFEE - WAS,Food & Drink,Sale,-18.88,
03/11/2022,03/14/2022,DONG HAE KOREAN GRILL &amp; S,Food & Drink,Sale,-44.95,
03/12/2022,03/13/2022,UBER   TRIP,Travel,Sale,-13.96,
03/11/2022,03/13/2022,TST* Terzo,Food & Drink,Sale,-199.40,
03/12/2022,03/13/2022,UBER   TRIP,Travel,Sale,-13.95,
03/11/2022,03/13/2022,TST* Porteno 530 LLC dba,Food & Drink,Sale,-65.50,
03/11/2022,03/13/2022,TST* Terzo,Food & Drink,Sale,-278.84,
03/12/2022,03/13/2022,SQ *DOGWOOD COFFEE ST. PA,Food & Drink,Sale,-25.25,
03/12/2022,03/13/2022,GUTHRIE THEATER BOX OFFIC,Entertainment,Sale,-50.00,
03/12/2022,03/13/2022,SQ *THE HERBIVOROUS BUTCH,Food & Drink,Sale,-98.48,
03/10/2022,03/10/2022,MCC*MEDIACOM,Bills & Utilities,Sale,-79.99,
03/07/2022,03/09/2022,AUNT MAUDES,Food & Drink,Sale,-104.74,
03/09/2022,03/09/2022,TST* Wasabi Ames,Food & Drink,Sale,-74.92,
03/04/2022,03/06/2022,SXM*SIRIUSXM.COM/ACCT,Bills & Utilities,Sale,-7.78,
03/04/2022,03/04/2022,AUTOMATIC PAYMENT - THANK,,Payment,4274.73,
03/03/2022,03/04/2022,Audible*1I49V2K32,Bills & Utilities,Sale,-2.13,
03/03/2022,03/04/2022,NETFLIX.COM,Bills & Utilities,Sale,-21.39,
03/03/2022,03/04/2022,AMZN Digital*1W3F318B1,Shopping,Sale,-4.96,
02/26/2022,02/28/2022,PHILLIPS 66 - SWIFT ST,Gas,Sale,-53.36,
02/25/2022,02/28/2022,THE CAFE,Food & Drink,Sale,-65.61,
02/28/2022,02/28/2022,Audible*1W2350LX1,Bills & Utilities,Sale,-16.00,
02/25/2022,02/27/2022,Audible*1B6QV9R42,Bills & Utilities,Sale,-8.01,
02/25/2022,02/27/2022,INTUIT *TURBOTAX,Shopping,Sale,-20.00,
02/20/2022,02/22/2022,HUHOT MONGOLIAN GRILL 77,Food & Drink,Sale,-61.33,
02/16/2022,02/17/2022,AMZN Mktp US*DS9PJ9CN3,Shopping,Sale,-49.84,
02/15/2022,02/16/2022,HY-VEE GAS AMES 5018,Gas,Sale,-56.55,
02/14/2022,02/15/2022,BEST BUY      00008128,Shopping,Sale,-106.99,
02/11/2022,02/13/2022,AMZN Mktp US*QH24Y8B73,Shopping,Sale,-10.69,
02/10/2022,02/13/2022,LOTF_1,Food & Drink,Sale,-71.07,
02/10/2022,02/11/2022,THE HOTEL PATTEE,Food & Drink,Sale,-22.31,
02/09/2022,02/11/2022,HOTEL PATTEE,Travel,Sale,-213.86,
02/09/2022,02/10/2022,THE HOTEL PATTEE,Food & Drink,Sale,-56.20,
02/07/2022,02/09/2022,TRADEHOME SHOES #072,Shopping,Sale,-96.29,
02/05/2022,02/07/2022,TARGET        00011700,Shopping,Sale,-83.40,
02/07/2022,02/07/2022,MCC*MEDIACOM,Bills & Utilities,Sale,-79.99,
02/07/2022,02/07/2022,TST* Wasabi Ames,Food & Drink,Sale,-88.37,
02/04/2022,02/06/2022,THE SPICE THAI CUISINE,Food & Drink,Sale,-115.39,
02/04/2022,02/06/2022,SXM*SIRIUSXM.COM/ACCT,Bills & Utilities,Sale,-7.78,
02/05/2022,02/06/2022,HY-VEE GAS AMES 5018,Gas,Sale,-49.36,
02/04/2022,02/04/2022,AUTOMATIC PAYMENT - THANK,,Payment,3758.88,
02/03/2022,02/04/2022,NETFLIX.COM,Bills & Utilities,Sale,-19.25,
01/25/2022,02/01/2022,HARVEST HEATING &amp; AIR CON,Home,Sale,-385.74,
01/31/2022,01/31/2022,Audible*Q28711XE3,Bills & Utilities,Sale,-16.00,
01/31/2022,01/31/2022,TST* Wasabi Ames,Food & Drink,Sale,-81.60,
01/28/2022,01/30/2022,BOULDER TAP HOUSE AMES,Food & Drink,Sale,-60.18,
01/27/2022,01/30/2022,THE CAFE,Food & Drink,Sale,-129.30,
01/28/2022,01/30/2022,Audible*PN3XA4UQ3,Bills & Utilities,Sale,-8.01,
01/29/2022,01/30/2022,LOWES #00581*,Home,Sale,-228.42,
01/22/2022,01/24/2022,7065 PLANET FITNESS,Health & Wellness,Sale,-1.00,
01/24/2022,01/24/2022,TST* Wasabi Ames,Food & Drink,Sale,-49.88,
01/21/2022,01/23/2022,Mucky Duck Pub,Food & Drink,Sale,-92.90,
01/21/2022,01/23/2022,HY-VEE GAS AMES 5018,Gas,Sale,-48.49,
01/20/2022,01/21/2022,HOTEL ACCOMMODATIONS,Travel,Sale,-396.39,
01/20/2022,01/20/2022,AMZN Mktp US,Shopping,Return,11.76,
01/19/2022,01/20/2022,SAMSCLUB #6568,Shopping,Sale,-96.03,
01/18/2022,01/19/2022,WWW.WEARGUSTIN.COM,Shopping,Sale,-88.00,
01/18/2022,01/19/2022,AXS.COM*FIRST AVENUE,Entertainment,Sale,-81.16,
01/16/2022,01/18/2022,THE CAFE,Food & Drink,Sale,-50.84,
01/14/2022,01/16/2022,Audible*GU5DK03U3,Bills & Utilities,Sale,-13.90,
01/14/2022,01/16/2022,AMZN Digital*NX4F27MJ3,Shopping,Sale,-11.76,
01/14/2022,01/16/2022,AMZN Digital*Z45F959A3,Shopping,Sale,-11.75,
01/11/2022,01/12/2022,TST* Wasabi Ames,Food & Drink,Sale,-217.17,
01/10/2022,01/12/2022,7065 PLANET FITNESS,Health & Wellness,Sale,-5.66,
01/10/2022,01/11/2022,AMZN Digital*4Z5E45OO3,Shopping,Sale,-12.83,
01/11/2022,01/11/2022,AMZN Digital*CP5FU5XT3,Shopping,Sale,-6.41,
01/10/2022,01/11/2022,Audible*VG26Q9JL3,Bills & Utilities,Sale,-8.01,
01/10/2022,01/11/2022,HY-VEE GAS AMES 5018,Gas,Sale,-45.85,
01/10/2022,01/11/2022,PERFECT GAMES,Food & Drink,Sale,-64.55,
01/09/2022,01/10/2022,SQ *CORNBRED BARBECUE,Food & Drink,Sale,-94.36,
01/07/2022,01/09/2022,FARMERS INS BILLING,Bills & Utilities,Sale,-1525.00,
01/07/2022,01/07/2022,MCC*MEDIACOM,Bills & Utilities,Sale,-79.99,
01/04/2022,01/06/2022,THE HOME DEPOT #2107,Home,Return,216.14,
01/06/2022,01/06/2022,SXM*SIRIUSXM.COM/ACCT,Bills & Utilities,Return,13.33,
01/04/2022,01/06/2022,HEROIC INK,Personal,Sale,-110.00,
01/05/2022,01/05/2022,AUTOMATIC PAYMENT - THANK,,Payment,1180.17,
01/04/2022,01/05/2022,SIERRA NEVADA BRE,Food & Drink,Sale,-80.00,
01/04/2022,01/05/2022,AMZN Mktp US*5187O0LD3,Shopping,Sale,-33.66,
01/03/2022,01/04/2022,NETFLIX.COM,Bills & Utilities,Sale,-19.25,
01/01/2022,01/02/2022,SXM*SIRIUSXM.COM/ACCT,Bills & Utilities,Sale,-23.37,
12/31/2021,12/31/2021,Audible*K54BA6Z43,Bills & Utilities,Sale,-16.00,
12/27/2021,12/28/2021,Kindle Unltd*LO8HE6HE3,Shopping,Sale,-10.69,
12/25/2021,12/26/2021,TST* Wasabi Ames,Food & Drink,Sale,-53.07,
12/24/2021,12/26/2021,SAMSCLUB #6568,Shopping,Sale,-76.15,
12/19/2021,12/20/2021,SQ *CORNBRED BARBECUE,Food & Drink,Sale,-87.69,
12/19/2021,12/20/2021,KWIK STOP LIQUOR &amp; GROCER,Groceries,Sale,-4.83,
12/16/2021,12/19/2021,LOTF_1,Food & Drink,Sale,-144.63,
12/17/2021,12/19/2021,MOORMAN CLOTHIERS,Shopping,Return,240.75,
12/17/2021,12/19/2021,JAX - 03,Shopping,Sale,-373.43,
12/16/2021,12/17/2021,CC* CITY OF AMES IA,Bills & Utilities,Sale,-23.00,
12/15/2021,12/16/2021,MOORMAN CLOTHIERS,Shopping,Sale,-240.75,
12/15/2021,12/15/2021,TST* Wasabi Ames,Food & Drink,Sale,-39.60,
12/12/2021,12/14/2021,CASEYS GEN STORE 2560,Gas,Sale,-26.95,
12/12/2021,12/14/2021,CASEYS GEN STORE 0032,Gas,Sale,-45.45,
12/10/2021,12/12/2021,SQ *CORNBRED BARBECUE,Food & Drink,Sale,-160.54,
12/09/2021,12/10/2021,AMZN Mktp US*NP2MV6L73,Shopping,Sale,-11.76,
12/09/2021,12/10/2021,BOULDER TAP HOUSE AMES,Food & Drink,Sale,-42.02,
12/07/2021,12/09/2021,THE HOME DEPOT #2107,Home,Sale,-2282.31,
12/08/2021,12/09/2021,AMZN Mktp US*R956Z7IY3,Shopping,Sale,-14.97,
12/08/2021,12/08/2021,MCC*MEDIACOM,Bills & Utilities,Sale,-79.99,
12/07/2021,12/08/2021,TST* Wasabi Ames,Food & Drink,Sale,-90.90,
12/06/2021,12/07/2021,HUHOT MONGOLIAN GRILL 77,Food & Drink,Sale,-37.79,
12/04/2021,12/06/2021,THE CAFE,Food & Drink,Sale,-123.63,
12/06/2021,12/06/2021,TST* Wasabi Ames,Food & Drink,Sale,-64.77,
12/05/2021,12/05/2021,AUTOMATIC PAYMENT - THANK,,Payment,1617.19,
12/03/2021,12/05/2021,NETFLIX.COM,Bills & Utilities,Sale,-19.25,
12/01/2021,12/02/2021,SXM*SIRIUSXM.COM/ACCT,Bills & Utilities,Sale,-23.37,
11/29/2021,12/01/2021,BP#8317505COLONY POINT,Gas,Sale,-26.26,
11/30/2021,12/01/2021,Audible*ME4U06SB3,Bills & Utilities,Sale,-16.00,
11/28/2021,11/30/2021,BP#9345315EXPRESSLANE #,Gas,Sale,-16.00,
11/28/2021,11/29/2021,AMOCO#1054000DODGE EXPRE,Gas,Sale,-12.50,
11/28/2021,11/29/2021,HY-VEE GAS AMES 5018,Gas,Sale,-31.30,
11/27/2021,11/28/2021,Kindle Unltd*ZK5P23R73,Shopping,Sale,-10.69,
11/27/2021,11/28/2021,AMZN Mktp US*FB0Q088F3,Shopping,Sale,-128.56,
11/23/2021,11/25/2021,KUM&amp;GO 1215 AMES,Gas,Sale,-57.33,
11/23/2021,11/25/2021,LOTF_1,Food & Drink,Sale,-183.33,
11/14/2021,11/15/2021,HY-VEE GAS AMES 5018,Gas,Sale,-26.58,
11/14/2021,11/14/2021,TST* Wasabi Ames,Food & Drink,Sale,-77.47,
11/12/2021,11/14/2021,HY-VEE GAS AMES 5018,Gas,Sale,-55.72,
11/09/2021,11/10/2021,PERFECT GAMES,Food & Drink,Sale,-86.46,
11/06/2021,11/09/2021,SIERRA GRANDE LODGE,Travel,Sale,-206.15,
11/08/2021,11/09/2021,RIO GRANDE BREW PUB,Food & Drink,Sale,-15.78,
11/08/2021,11/09/2021,COMIDA BUENA,Food & Drink,Sale,-31.09,
11/07/2021,11/08/2021,ALON DK #51739,Gas,Sale,-33.30,
11/07/2021,11/08/2021,BUDGET RENT A CAR,Travel,Sale,-493.74,
11/07/2021,11/07/2021,MCC*MEDIACOM,Bills & Utilities,Sale,-79.99,
11/05/2021,11/05/2021,AUTOMATIC PAYMENT - THANK,,Payment,2596.52,
11/03/2021,11/05/2021,RIVERBEND HOT SPRINGS LLC,Travel,Sale,-54.26,
11/04/2021,11/05/2021,SQ *TRUTH OR CONSEQUENCES,Food & Drink,Sale,-20.00,
11/03/2021,11/05/2021,MARATHON PETRO27086,Gas,Sale,-32.06,
11/03/2021,11/04/2021,NETFLIX.COM,Bills & Utilities,Sale,-19.25,
11/01/2021,11/03/2021,ISLETA HOTEL,Travel,Sale,-179.14,
11/01/2021,11/02/2021,SXM*SIRIUSXM.COM/ACCT,Bills & Utilities,Sale,-22.08,
11/01/2021,11/02/2021,BLACKSTONE HOTPRINGS,Health & Wellness,Sale,-54.24,
10/30/2021,10/31/2021,SQ *CORNBRED BARBECUE,Food & Drink,Sale,-95.97,
10/31/2021,10/31/2021,Audible*XB5HX1PG3,Bills & Utilities,Sale,-16.00,
10/29/2021,10/31/2021,TST* Wasabi Ames,Food & Drink,Sale,-55.45,
10/29/2021,10/31/2021,MEOW WOLF,Entertainment,Sale,-77.90,
10/30/2021,10/31/2021,HY-VEE GAS AMES 5018,Gas,Sale,-35.45,
10/27/2021,10/28/2021,Kindle Unltd*C352S3JT3,Shopping,Sale,-10.69,
10/20/2021,10/21/2021,AMZN Mktp US*2Y3EE6LU2,Shopping,Sale,-75.14,
10/19/2021,10/20/2021,Mucky Duck Pub,Food & Drink,Sale,-70.39,
10/18/2021,10/19/2021,ADVANCE AUTO PARTS #6097,Automotive,Sale,-157.28,
10/18/2021,10/19/2021,ADVANCE AUTO PARTS #6097,Automotive,Return,23.54,
10/17/2021,10/18/2021,PHILLIPS 66 - SWIFT ST,Gas,Sale,-34.86,
10/08/2021,10/08/2021,MCC*MEDIACOM,Bills & Utilities,Sale,-79.99,
10/07/2021,10/08/2021,AMZN Mktp US*2C5QK4RI2,Shopping,Sale,-6.21,
10/06/2021,10/07/2021,SQ *LOCKWOOD,Food & Drink,Sale,-32.10,
10/05/2021,10/07/2021,BLACKSTONE HOTSPRINGS,Travel,Sale,-332.06,
10/06/2021,10/07/2021,AMZN Mktp US*273W96371,Shopping,Sale,-35.98,
10/06/2021,10/07/2021,AMZN Mktp US*2C1ZN5II2,Shopping,Sale,-35.01,
10/05/2021,10/06/2021,BOULDER TAP HOUSE AMES,Food & Drink,Sale,-60.31,
10/05/2021,10/05/2021,AUTOMATIC PAYMENT - THANK,,Payment,1270.20,
10/03/2021,10/04/2021,NETFLIX.COM,Bills & Utilities,Sale,-19.25,
10/01/2021,10/03/2021,SXM*SIRIUSXM.COM/ACCT,Bills & Utilities,Sale,-22.08,
10/01/2021,10/03/2021,AMERICAN AIR0010639196196,Travel,Sale,-45.66,
10/01/2021,10/03/2021,AMERICAN AIR0010639196195,Travel,Sale,-45.66,
10/01/2021,10/03/2021,AMERICAN AIR0012302206148,Travel,Sale,-376.39,
10/01/2021,10/03/2021,AMERICAN AIR0012302206147,Travel,Sale,-376.39,
10/01/2021,10/03/2021,ALLIANZ TRAVEL INS,Bills & Utilities,Sale,-72.00,
09/30/2021,10/01/2021,HOTSPRINGSGLAMPCAMP,Travel,Sale,-543.38,
09/30/2021,09/30/2021,Audible*2C2LV3HW0,Bills & Utilities,Sale,-16.00,
09/26/2021,09/28/2021,KUM&amp;GO 1215 AMES,Gas,Sale,-33.46,
09/27/2021,09/28/2021,Kindle Unltd*2C2KC90Z0,Shopping,Sale,-10.69,
09/27/2021,09/27/2021,GOOGLE *YouTube Videos,Entertainment,Sale,-4.27,
09/18/2021,09/20/2021,THE CAFE,Food & Drink,Sale,-113.68,
09/14/2021,09/16/2021,ICELANDAIR,Travel,Return,134.18,
09/15/2021,09/16/2021,Amazon.com*2G4CF84R2,Shopping,Sale,-26.99,
