,Transaction Date,Post Date,Description,Category,Type,Amount,Memo
0,09/11/2023,09/12/2023,TST* RUSSIAN RIVER BREWIN,Food & Drink,Sale,-44.94,
1,09/10/2023,09/11/2023,SQ *BLUE BOTTLE COFFEE,Food & Drink,Sale,-8.24,
2,09/10/2023,09/11/2023,FSP*MERRIAM VINEYARDS,Entertainment,Sale,-198.5,
3,09/07/2023,09/08/2023,MEDIACOM BRO*,Bills & Utilities,Sale,-89.99,
4,09/06/2023,09/07/2023,AMES FITNESS CENTER - EO,Health & Wellness,Sale,-153.01,
5,09/05/2023,09/05/2023,AUTOMATIC PAYMENT - THANK,Payment,Payment,1957.92,
6,09/03/2023,09/04/2023,NETFLIX.COM,Bills & Utilities,Sale,-21.39,
7,09/04/2023,09/04/2023,SXM*SIRIUSXM.COM/ACCT,Bills & Utilities,Sale,-24.66,
8,09/03/2023,09/04/2023,AMZN Mktp US*TL8KN1OH1,Shopping,Sale,-19.95,
9,09/01/2023,09/03/2023,CASEYS  STORE 4315,Gas,Sale,-56.63,
10,08/31/2023,09/01/2023,Amazon.com*TL7K77O30,Shopping,Sale,-7.6,
11,08/31/2023,09/01/2023,SQ *FENCELINE BEER LAB,Groceries,Sale,-71.92,
12,08/31/2023,09/01/2023,SQ *THREADIT,Professional Services,Sale,-169.0,
13,08/30/2023,08/31/2023,AMZN Mktp US*T326R2RG2,Shopping,Sale,-11.59,
14,08/31/2023,08/31/2023,Audible*TL2RG3CK2,Bills & Utilities,Sale,-16.0,
15,08/26/2023,08/27/2023,SAMSCLUB #6568,Shopping,Sale,-152.82,
16,08/25/2023,08/27/2023,AMZN Mktp US*T370Z0CS0,Shopping,Sale,-21.39,
17,08/18/2023,08/20/2023,HY-VEE F&amp;F AMES 5018,Gas,Sale,-57.21,
18,08/18/2023,08/20/2023,SQ *ACPS,Health & Wellness,Sale,-133.0,
19,08/15/2023,08/16/2023,FSP*BROWNS SHOE FIT CO -,Shopping,Sale,-187.25,
20,08/14/2023,08/15/2023,SQ *CORNBRED BARBECUE,Food & Drink,Sale,-25.68,
21,08/13/2023,08/15/2023,MENARDS 3356,Home,Sale,-191.87,
22,08/14/2023,08/15/2023,O DONNELL ACE HARDWARE,Home,Sale,-91.34,
23,08/12/2023,08/14/2023,AUNT MAUDES,Food & Drink,Sale,-93.57,
24,08/08/2023,08/10/2023,CASEYS  STORE 4315,Gas,Sale,-8.48,
25,08/07/2023,08/08/2023,MEDIACOM BRO*,Bills & Utilities,Sale,-89.99,
26,08/04/2023,08/06/2023,SQ *FENCELINE BEER LAB,Groceries,Sale,-25.08,
27,08/04/2023,08/06/2023,SXM*SIRIUSXM.COM/ACCT,Bills & Utilities,Sale,-24.66,
28,08/05/2023,08/06/2023,SUNCTRYAIR  LYE49N,Travel,Sale,-415.6,
29,08/04/2023,08/06/2023,SQ *MUCKY DUCK PUB  LLC.,Food & Drink,Sale,-30.0,
30,08/04/2023,08/04/2023,AUTOMATIC PAYMENT - THANK,Payment,Payment,2620.66,
31,08/03/2023,08/04/2023,NETFLIX.COM,Bills & Utilities,Sale,-21.39,
32,08/03/2023,08/04/2023,AMES FITNESS CENTER - EO,Health & Wellness,Sale,-153.01,
33,07/31/2023,08/01/2023,HY-VEE F&amp;F AMES 5018,Gas,Sale,-55.7,
34,07/31/2023,07/31/2023,Audible*TH2VK4331,Bills & Utilities,Sale,-16.0,
35,07/30/2023,07/31/2023,HAMILTON COUNTY CONSERVAT,Travel,Sale,-317.6,
36,07/30/2023,07/31/2023,NORTH GRAND CINEMA,Entertainment,Sale,-20.2,
37,07/28/2023,07/30/2023,WEB*BLUEHOST.COM,Bills & Utilities,Sale,-19.99,
38,07/27/2023,07/28/2023,GOOGLE *Google Storage,Shopping,Sale,-32.09,
39,07/27/2023,07/27/2023,TST* Wasabi Ames,Food & Drink,Sale,-50.0,
40,07/26/2023,07/27/2023,AMZN Mktp US*T688B72U0,Shopping,Sale,-9.01,
41,07/24/2023,07/25/2023,SAMSCLUB #6568,Shopping,Sale,-42.1,
42,07/24/2023,07/25/2023,HY-VEE AMES 1018,Groceries,Sale,-33.0,
43,07/23/2023,07/24/2023,SQ *TOPOG  INC,Food & Drink,Sale,-12.36,
44,07/23/2023,07/24/2023,BP#1988898RUTHVEN BP,Gas,Sale,-44.79,
45,07/22/2023,07/23/2023,SQ *NEKTAR,Food & Drink,Sale,-13.8,
46,07/20/2023,07/23/2023,KUM&amp;GO 1215R AMES,Gas,Sale,-51.95,
47,07/17/2023,07/18/2023,SQ *CORNBRED BARBECUE,Food & Drink,Sale,-26.94,
48,07/16/2023,07/18/2023,UNITED      0164223214260,Travel,Sale,-35.0,
49,07/16/2023,07/18/2023,UNITED      0164223214259,Travel,Sale,-35.0,
50,07/16/2023,07/17/2023,TILLAMOOK MARKET AT PDX,Food & Drink,Sale,-11.83,
51,07/14/2023,07/16/2023,TST* Silver Salmon Grill,Food & Drink,Sale,-22.0,
52,07/14/2023,07/16/2023,SQ *ASTORIA BREWING COMPA,Food & Drink,Sale,-14.5,
53,07/13/2023,07/16/2023,WILLIE DICKS FIRST STREET,Food & Drink,Sale,-30.76,
54,07/13/2023,07/16/2023,KALAMA VINTAGE WAREHOUSE,Shopping,Sale,-21.62,
55,07/13/2023,07/16/2023,KALAMA HARBOR PUB,Food & Drink,Sale,-30.0,
56,07/10/2023,07/11/2023,Richland Dugout,Food & Drink,Sale,-26.2,
57,07/09/2023,07/10/2023,TST* TOMATO BROTHERS - CL,Food & Drink,Sale,-42.79,
58,07/08/2023,07/09/2023,MEDIACOM BRO*,Bills & Utilities,Sale,-89.99,
59,07/07/2023,07/09/2023,KUM&amp;GO 1215R AMES,Gas,Sale,-28.73,
60,07/08/2023,07/09/2023,BASALT CELLARS,Food & Drink,Sale,-15.98,
61,07/07/2023,07/09/2023,BM * SZECHUAN HOUSE,Food & Drink,Sale,-48.26,
62,07/06/2023,07/06/2023,AMZN Mktp US*7556Z7BF3,Shopping,Sale,-28.88,
63,07/05/2023,07/05/2023,AUTOMATIC PAYMENT - THANK,Payment,Payment,1793.23,
64,07/04/2023,07/05/2023,AMES FITNESS CENTER - EO,Health & Wellness,Sale,-103.01,
65,07/04/2023,07/04/2023,SXM*SIRIUSXM.COM/ACCT,Bills & Utilities,Sale,-24.66,
66,07/02/2023,07/04/2023,LA CASA MAYA,Food & Drink,Sale,-73.49,
67,07/03/2023,07/04/2023,NETFLIX.COM,Bills & Utilities,Sale,-21.39,
68,07/03/2023,07/03/2023,Prime Video *8G6LC8OY3,Shopping,Sale,-4.06,
69,06/30/2023,07/02/2023,AMZN Mktp US*1M0285BW3,Shopping,Sale,-22.11,
70,06/30/2023,07/02/2023,KUM&amp;GO 1215R AMES,Gas,Sale,-47.61,
71,07/01/2023,07/02/2023,SQ *FENCELINE BEER LAB,Groceries,Sale,-30.54,
72,06/29/2023,06/30/2023,FASTRAK VIOLATION CENT,Travel,Sale,-12.0,
73,06/29/2023,06/30/2023,FASTRAK VIOLATION CENT,Travel,Sale,-34.4,
74,06/30/2023,06/30/2023,Audible*AA6AJ22M3,Bills & Utilities,Sale,-16.0,
75,06/27/2023,06/29/2023,AUNT MAUDES,Food & Drink,Sale,-61.9,
76,06/21/2023,06/21/2023,SPOTIFY TICKETS,Entertainment,Sale,-188.8,
77,06/18/2023,06/20/2023,SQ *LONDON UNDERGROUND,Food & Drink,Sale,-47.0,
78,06/19/2023,06/20/2023,BM * SZECHUAN HOUSE,Food & Drink,Sale,-67.16,
79,06/18/2023,06/20/2023,KUM&amp;GO 1215R AMES,Gas,Sale,-49.82,
80,06/18/2023,06/19/2023,SQ *FENCELINE BEER LAB,Groceries,Sale,-19.51,
81,06/17/2023,06/18/2023,O DONNELL ACE HARDWARE,Home,Sale,-21.0,
82,06/16/2023,06/18/2023,SQ *MUCKY DUCK PUB  LLC.,Food & Drink,Sale,-123.67,
83,06/15/2023,06/16/2023,SQ *CORNBRED BARBECUE,Food & Drink,Sale,-37.12,
84,06/15/2023,06/16/2023,O DONNELL ACE HARDWARE,Home,Sale,-53.85,
85,06/14/2023,06/15/2023,SQ *CORNBRED BARBECUE,Food & Drink,Sale,-26.58,
86,06/11/2023,06/13/2023,PERFECT GAMES,Entertainment,Sale,-25.41,
87,06/10/2023,06/12/2023,KUM&amp;GO 0370R GRETNA,Gas,Sale,-40.0,
88,06/10/2023,06/12/2023,CENEX CUBBY S 09889619,Gas,Sale,-6.16,
89,06/09/2023,06/12/2023,FSP*VILLE 718,Travel,Return,100.0,
90,06/10/2023,06/12/2023,CENEX CUBBY S 09889619,Gas,Sale,-50.0,
91,06/11/2023,06/12/2023,ELEMENT DENVER DOWNTOW,Travel,Sale,-233.81,
92,06/10/2023,06/12/2023,ROGGEN VALERO,Gas,Sale,-51.73,
93,06/09/2023,06/11/2023,SHELL OIL 57444238406,Gas,Sale,-44.21,
94,06/08/2023,06/11/2023,SPROUTES FARMERS MA,Groceries,Sale,-58.12,
95,06/09/2023,06/11/2023,GOLDEN NUGGET HOTEL LV,Travel,Sale,-38.95,
96,06/09/2023,06/11/2023,PW SOUTH ELATI PARKING,Travel,Sale,-12.0,
97,06/08/2023,06/11/2023,FSP*VILLE 718,Travel,Sale,-207.66,
98,06/08/2023,06/11/2023,HORIZON LIQUOR,Food & Drink,Sale,-22.78,
99,06/09/2023,06/11/2023,KUM&amp;GO 0905R SILT,Gas,Sale,-11.38,
100,06/09/2023,06/11/2023,MEOW WOLF,Entertainment,Sale,-100.0,
101,06/09/2023,06/11/2023,SQ *OCTOPUS COFFEE,Food & Drink,Sale,-39.3,
102,06/09/2023,06/11/2023,TST* CityO MakeBelieve,Food & Drink,Sale,-117.21,
103,06/08/2023,06/09/2023,PILOT_00773,Gas,Sale,-39.47,
104,06/07/2023,06/09/2023,SHELL OIL 12653706015,Gas,Sale,-56.4,
105,06/07/2023,06/09/2023,CVS/PHARMACY #10348,Health & Wellness,Sale,-6.99,
106,06/07/2023,06/09/2023,OCEAN PACIFIC LODGE INC,Travel,Sale,-117.49,
107,06/07/2023,06/09/2023,BELLAGIO - NOODLES,Food & Drink,Sale,-99.51,
108,06/08/2023,06/09/2023,TEXACO 0304819,Gas,Sale,-46.55,
109,06/07/2023,06/09/2023,ARCO #42075 AMPM,Gas,Sale,-80.97,
110,06/07/2023,06/08/2023,GOLDEN NUGGET HOTEL LV,Travel,Sale,-66.67,
111,06/07/2023,06/08/2023,CALIFORNIA FRUIT DEPOT,Groceries,Sale,-24.2,
112,06/07/2023,06/08/2023,CHEVRON 0091927,Gas,Sale,-74.33,
113,06/07/2023,06/08/2023,VEGAN BISTRO,Food & Drink,Sale,-44.64,
114,06/08/2023,06/08/2023,SQ *BEN &amp; JERRY'S @ GRAND,Food & Drink,Sale,-19.88,
115,06/06/2023,06/08/2023,BOARDWALK TICKET SALES,Entertainment,Sale,-100.0,
116,06/07/2023,06/07/2023,MCC*MEDIACOM,Bills & Utilities,Sale,-89.99,
117,06/06/2023,06/07/2023,BEACH LIQUORS INC,Food & Drink,Sale,-31.86,
118,06/06/2023,06/07/2023,CHARLIE HONG KONG,Food & Drink,Sale,-35.56,
119,06/04/2023,06/06/2023,AQUI CAL MEX CAMPBELL,Food & Drink,Sale,-40.81,
120,06/05/2023,06/05/2023,AUTOMATIC PAYMENT - THANK,Payment,Payment,9240.29,
121,06/03/2023,06/05/2023,TORO,Food & Drink,Sale,-100.4,
122,06/03/2023,06/05/2023,RICOS TACOS,Food & Drink,Sale,-25.63,
123,06/04/2023,06/05/2023,AMZN Mktp US*WS8611UU3,Shopping,Sale,-39.53,
124,06/04/2023,06/05/2023,SXM*SIRIUSXM.COM/ACCT,Bills & Utilities,Sale,-24.66,
125,06/03/2023,06/04/2023,ORCHARD VALLEY COFFEE,Food & Drink,Sale,-10.01,
126,06/03/2023,06/04/2023,AMES FITNESS CENTER - EO,Health & Wellness,Sale,-153.01,
127,06/03/2023,06/04/2023,FSP*REGALE WINERY AND VIN,Entertainment,Sale,-55.59,
128,06/03/2023,06/04/2023,NETFLIX.COM,Bills & Utilities,Sale,-21.39,
129,05/31/2023,06/02/2023,ESALEN KITCHEN,Food & Drink,Sale,-28.43,
130,05/31/2023,05/31/2023,Audible*5H9PR8DF3,Bills & Utilities,Sale,-16.0,
131,05/27/2023,05/29/2023,ESALEN KITCHEN,Food & Drink,Sale,-38.25,
132,05/27/2023,05/29/2023,ESALEN KITCHEN,Food & Drink,Sale,-17.93,
133,05/25/2023,05/28/2023,ESALEN KITCHEN,Food & Drink,Sale,-31.38,
134,05/24/2023,05/26/2023,ESALEN KITCHEN,Food & Drink,Sale,-17.82,
135,05/24/2023,05/25/2023,ESALEN HEALING ARTS,Health & Wellness,Sale,-230.0,
136,05/23/2023,05/25/2023,ESALEN KITCHEN,Food & Drink,Sale,-40.2,
137,05/23/2023,05/25/2023,ESALEN KITCHEN,Food & Drink,Sale,-15.69,
138,05/24/2023,05/24/2023,SAMS SCAN-N-GO,Shopping,Sale,-25.79,
139,05/20/2023,05/22/2023,ESALEN KITCHEN,Food & Drink,Sale,-11.77,
140,05/19/2023,05/22/2023,ESALEN KITCHEN,Food & Drink,Sale,-11.77,
141,05/20/2023,05/21/2023,AMZN Mktp US*GE6FQ1TI3,Shopping,Sale,-12.83,
142,05/17/2023,05/19/2023,ESALEN KITCHEN,Food & Drink,Sale,-18.21,
143,05/16/2023,05/18/2023,ESALEN KITCHEN,Food & Drink,Sale,-11.77,
144,05/15/2023,05/17/2023,ESALEN KITCHEN,Food & Drink,Sale,-27.46,
145,05/15/2023,05/17/2023,ESALEN KITCHEN,Food & Drink,Sale,-11.77,
146,05/09/2023,05/10/2023,ESALEN HEALING ARTS,Health & Wellness,Sale,-184.0,
147,05/09/2023,05/10/2023,ESALEN HEALING ARTS,Health & Wellness,Sale,-184.0,
148,05/06/2023,05/08/2023,NEPENTHE,Food & Drink,Sale,-83.77,
149,05/05/2023,05/08/2023,HIGHWAY 1 BREWING CO,Food & Drink,Sale,-49.94,
150,05/08/2023,05/08/2023,MCC*MEDIACOM,Bills & Utilities,Sale,-89.99,
151,05/06/2023,05/08/2023,RIVER INN VALERO,Gas,Sale,-69.35,
152,05/05/2023,05/08/2023,GUSTO PIZZERIA,Food & Drink,Sale,-70.92,
153,05/06/2023,05/08/2023,THE BREAKFAST CLUB,Food & Drink,Sale,-44.25,
154,05/06/2023,05/08/2023,ECONOLODGE BAY BREEZE,Travel,Return,150.0,
155,05/05/2023,05/07/2023,BURGER ME - ROBB,Food & Drink,Sale,-35.66,
156,05/04/2023,05/07/2023,SHELL OIL10012851019,Gas,Sale,-41.61,
157,05/04/2023,05/07/2023,HOLIDAY INN ROCK SPRINGS,Travel,Sale,-179.67,
158,05/06/2023,05/07/2023,ECONOLODGE BAY BREEZE,Travel,Sale,-150.0,
159,05/06/2023,05/07/2023,ECONOLODGE BAY BREEZE,Travel,Sale,-156.68,
160,05/05/2023,05/07/2023,HAMPTON INNS,Travel,Sale,-215.57,
161,05/05/2023,05/07/2023,MAVERIK #427,Gas,Sale,-50.81,
162,05/05/2023,05/07/2023,CHEVRON 0098933,Gas,Sale,-54.36,
163,05/05/2023,05/05/2023,AUTOMATIC PAYMENT - THANK,Payment,Payment,2394.48,
164,05/03/2023,05/05/2023,STINKER 211 I-80 TRVL PL,Gas,Sale,-36.63,
165,05/04/2023,05/05/2023,PILOT_00141,Gas,Sale,-42.86,
166,05/04/2023,05/05/2023,LOVE'S #797,Gas,Sale,-48.71,
167,05/03/2023,05/05/2023,CASEYS #2734,Gas,Sale,-51.46,
168,05/02/2023,05/04/2023,SHELL OIL 93002280434,Gas,Sale,-46.7,
169,05/03/2023,05/04/2023,CONOCO - KIMBALL CONOC,Gas,Sale,-44.95,
170,05/03/2023,05/04/2023,OLD CHICAGO ROCK SPRINGS,Food & Drink,Sale,-47.75,
171,05/03/2023,05/04/2023,AMES FITNESS CENTER - EO,Health & Wellness,Sale,-153.01,
172,05/03/2023,05/04/2023,SQ *COALCREEK TAP,Groceries,Sale,-25.1,
173,05/03/2023,05/04/2023,NETFLIX.COM,Bills & Utilities,Sale,-21.39,
174,05/04/2023,05/04/2023,SXM*SIRIUSXM.COM/ACCT,Bills & Utilities,Sale,-24.66,
175,05/02/2023,05/03/2023,DUSTERS RESTAURANT AND,Food & Drink,Sale,-64.17,
176,05/02/2023,05/03/2023,EYE WORKS,Health & Wellness,Sale,-475.85,
177,04/30/2023,05/02/2023,CASEYS  STORE 4315,Gas,Sale,-51.95,
178,05/01/2023,05/02/2023,SQ *CORNBRED BARBECUE,Food & Drink,Sale,-33.0,
179,05/01/2023,05/02/2023,SQ *CORNBRED BARBECUE,Food & Drink,Sale,-39.96,
180,04/30/2023,05/01/2023,Audible*HM8M95N51,Bills & Utilities,Sale,-16.0,
181,04/29/2023,05/01/2023,DRAKE UNIV ATHLETIC DEPT,Education,Sale,-40.0,
182,04/28/2023,05/01/2023,WILSON TOYOTA,Automotive,Sale,-1878.28,
183,04/28/2023,04/30/2023,SAMS SCAN-N-GO,Shopping,Sale,-66.85,
184,04/30/2023,04/30/2023,TST* Wasabi Ames,Food & Drink,Sale,-156.21,
185,04/29/2023,04/30/2023,SHOE CARNIVAL #495,Shopping,Sale,-71.67,
186,04/27/2023,04/28/2023,STOMPING GROUNDS CAFE,Food & Drink,Sale,-137.35,
187,04/26/2023,04/27/2023,SQ *CORNBRED BARBECUE,Food & Drink,Sale,-20.84,
188,04/25/2023,04/26/2023,MED*MCFARLAND CLINIC,Health & Wellness,Sale,-70.0,
189,04/23/2023,04/25/2023,MARGARITAS SPORTS BAR,Food & Drink,Sale,-59.9,
190,04/21/2023,04/23/2023,AMZN Mktp US*HV26C6931,Shopping,Sale,-157.68,
191,04/22/2023,04/23/2023,SQ *MUCKY DUCK PUB  LLC.,Food & Drink,Sale,-70.67,
192,04/20/2023,04/23/2023,CASEYS #2905,Gas,Sale,-55.41,
193,04/22/2023,04/23/2023,ADVANCE AUTO PARTS #6097,Automotive,Sale,-161.84,
194,04/19/2023,04/21/2023,THE ESALEN INSTITUTE,Education,Sale,-2900.0,
195,04/18/2023,04/20/2023,VILLAGE INN 700235,Food & Drink,Sale,-27.05,
196,04/18/2023,04/19/2023,SQ *CORNBRED BARBECUE,Food & Drink,Sale,-40.52,
197,04/17/2023,04/19/2023,AUNT MAUDES,Food & Drink,Sale,-87.41,
198,04/16/2023,04/18/2023,THE CAFE,Food & Drink,Sale,-88.4,
199,04/16/2023,04/17/2023,FUJI STEAKHOUSE IA INC,Food & Drink,Sale,-20.39,
200,04/16/2023,04/17/2023,FUJI STEAKHOUSE IA INC,Food & Drink,Sale,-56.12,
201,04/14/2023,04/16/2023,CLOUSER PLUMBING,Home,Sale,-90.95,
202,04/12/2023,04/13/2023,O DONNELL ACE HARDWARE,Home,Sale,-65.0,
203,04/12/2023,04/13/2023,SQ *CORNBRED BARBECUE,Food & Drink,Sale,-25.54,
204,04/10/2023,04/13/2023,MENARDS 3356,Home,Return,42.76,
205,04/10/2023,04/12/2023,MENARDS 3356,Home,Sale,-24.79,
206,04/10/2023,04/12/2023,MENARDS 3356,Home,Sale,-19.08,
207,04/11/2023,04/12/2023,SQ *CORNBRED BARBECUE,Food & Drink,Sale,-14.84,
208,04/09/2023,04/11/2023,MENARDS 3356,Home,Sale,-135.06,
209,04/10/2023,04/11/2023,El Azteca,Food & Drink,Sale,-59.38,
210,04/07/2023,04/09/2023,GRADUATE IOWA CITY,Travel,Sale,-110.88,
211,04/07/2023,04/09/2023,SQ *LONDON UNDERGROUND,Food & Drink,Sale,-60.5,
212,04/08/2023,04/09/2023,SQ *THE ANGRY IRISHMEN,Food & Drink,Sale,-30.0,
213,04/07/2023,04/09/2023,DELLA VITI,Food & Drink,Sale,-70.95,
214,04/05/2023,04/07/2023,WILSON TOYOTA,Automotive,Sale,-119.56,
215,04/07/2023,04/07/2023,MCC*MEDIACOM,Bills & Utilities,Sale,-89.99,
216,04/05/2023,04/06/2023,SQ *CORNBRED BARBECUE,Food & Drink,Sale,-42.82,
217,04/05/2023,04/05/2023,AUTOMATIC PAYMENT - THANK,Payment,Payment,896.85,
218,04/04/2023,04/05/2023,SXM*SIRIUSXM.COM/ACCT,Bills & Utilities,Sale,-24.66,
219,04/03/2023,04/05/2023,CASEYS  STORE 4314,Gas,Sale,-59.95,
220,04/04/2023,04/05/2023,AMES FITNESS CENTER - EO,Health & Wellness,Sale,-153.01,
221,04/03/2023,04/04/2023,SQ *CORNBRED BARBECUE,Food & Drink,Sale,-46.54,
222,04/03/2023,04/04/2023,NETFLIX.COM,Bills & Utilities,Sale,-21.39,
223,04/01/2023,04/03/2023,AUNT MAUDES,Food & Drink,Sale,-138.69,
224,04/01/2023,04/02/2023,SQ *MORNING BELL COFFEE R,Food & Drink,Sale,-11.0,
225,03/31/2023,04/02/2023,INTUIT *TURBOTAX,Shopping,Sale,-25.0,
226,03/31/2023,03/31/2023,Audible*HY1AP2UV0,Bills & Utilities,Sale,-16.0,
227,03/25/2023,03/26/2023,AMZN Mktp US*H72EX98Y1,Shopping,Sale,-59.9,
228,03/24/2023,03/26/2023,TST* Waterfront Seafood -,Food & Drink,Sale,-150.04,
229,03/25/2023,03/26/2023,SQ *CORNBRED BARBECUE,Food & Drink,Sale,-57.4,
230,03/21/2023,03/24/2023,CAFE BEAUDELAIRE,Food & Drink,Sale,-43.95,
231,03/22/2023,03/23/2023,IOWA STATE UNIVERSITY FDN,Personal,Sale,-50.0,
232,03/21/2023,03/23/2023,KUM&amp;GO 1215 AMES,Gas,Sale,-45.02,
233,03/22/2023,03/23/2023,Amazon Prime*H755N1850,Bills & Utilities,Sale,-148.73,
234,03/19/2023,03/21/2023,PERFECT GAMES,Entertainment,Sale,-40.95,
235,03/19/2023,03/20/2023,SQ *MUCKY DUCK PUB  LLC.,Food & Drink,Sale,-75.23,
236,03/18/2023,03/19/2023,SQ *THE ANGRY IRISHMEN,Food & Drink,Sale,-128.5,
237,03/17/2023,03/19/2023,RIEMAN MUSIC INC,Shopping,Sale,-29.53,
238,03/19/2023,03/19/2023,BEYOND MENU  94087281,Food & Drink,Sale,-109.89,
239,03/15/2023,03/16/2023,SQ *CORNBRED BARBECUE,Food & Drink,Sale,-29.26,
240,03/12/2023,03/14/2023,THE BREAKFAST CLUB,Food & Drink,Sale,-46.41,
241,03/12/2023,03/13/2023,HY-VEE F&amp;F AMES 5013,Gas,Sale,-51.19,
242,03/11/2023,03/12/2023,TEAMWORKS FUNDRAISING,Gifts & Donations,Sale,-200.0,
243,03/11/2023,03/12/2023,TST* Wasabi Ames,Food & Drink,Sale,-232.41,
244,03/10/2023,03/10/2023,MCC*MEDIACOM,Bills & Utilities,Sale,-89.99,
245,03/08/2023,03/09/2023,SQ *CORNBRED BARBECUE,Food & Drink,Sale,-100.23,
246,03/07/2023,03/08/2023,Amazon.com*H50R80B71,Shopping,Sale,-10.13,
247,03/04/2023,03/06/2023,CASEYS  STORE 4315,Gas,Sale,-48.24,
248,03/05/2023,03/05/2023,AUTOMATIC PAYMENT - THANK,Payment,Payment,4516.32,
249,03/03/2023,03/05/2023,NETFLIX.COM,Bills & Utilities,Sale,-21.39,
250,03/04/2023,03/05/2023,SXM*SIRIUSXM.COM/ACCT,Bills & Utilities,Sale,-23.37,
251,03/01/2023,03/02/2023,SQ *CORNBRED BARBECUE,Food & Drink,Sale,-56.07,
252,02/28/2023,03/01/2023,SQ *ACPS,Health & Wellness,Sale,-25.0,
253,02/28/2023,02/28/2023,Audible*HD5FO8US0,Bills & Utilities,Sale,-16.0,
254,02/26/2023,02/28/2023,LA CASA MAYA,Food & Drink,Sale,-34.69,
255,02/26/2023,02/27/2023,NEW PIONEERS COOP #2,Groceries,Sale,-17.11,
256,02/25/2023,02/26/2023,TST* St. Burch Tavern,Food & Drink,Sale,-297.43,
257,02/25/2023,02/26/2023,TST* BIG GROVE BREWERY -,Food & Drink,Sale,-69.89,
258,02/16/2023,02/16/2023,AMZN Mktp US*HP2IO0LA0,Shopping,Sale,-18.18,
259,02/09/2023,02/12/2023,TUSCANY ORD,Food & Drink,Sale,-70.27,
260,02/09/2023,02/12/2023,HYATT REGENCY O'HARE,Travel,Sale,-140.14,
261,02/08/2023,02/10/2023,HYATT REGENCY O'HARE F&amp;B,Food & Drink,Sale,-48.94,
262,02/06/2023,02/08/2023,HYATT REGENCY O'HARE F&amp;B,Food & Drink,Sale,-8.9,
263,02/07/2023,02/08/2023,KINGS BOWL OF ROSEMONT,Food & Drink,Sale,-20.0,
264,02/07/2023,02/08/2023,KINGS BOWL OF ROSEMONT,Food & Drink,Sale,-58.71,
265,02/07/2023,02/07/2023,MCC*MEDIACOM,Bills & Utilities,Sale,-89.99,
266,02/07/2023,02/07/2023,SAMS SCAN-N-GO,Shopping,Sale,-42.46,
267,02/06/2023,02/07/2023,EVERTS FLOWERS HOME GIFTS,Shopping,Sale,-93.63,
268,02/05/2023,02/05/2023,AUTOMATIC PAYMENT - THANK,Payment,Payment,3740.06,
269,02/04/2023,02/05/2023,SXM*SIRIUSXM.COM/ACCT,Bills & Utilities,Sale,-23.37,
270,02/03/2023,02/05/2023,NETFLIX.COM,Bills & Utilities,Sale,-21.39,
271,01/31/2023,02/02/2023,CASEYS  STORE 4315,Gas,Sale,-49.27,
272,01/31/2023,02/01/2023,AMZN Mktp US*EV24D7Y53,Shopping,Sale,-258.38,
273,01/31/2023,01/31/2023,Audible*VS36N8FP3,Bills & Utilities,Sale,-16.0,
274,01/31/2023,01/31/2023,TST* Wasabi Ames,Food & Drink,Sale,-110.95,
275,01/29/2023,01/30/2023,SAMSCLUB #6568,Shopping,Sale,-361.67,
276,01/27/2023,01/29/2023,Mucky Duck Pub,Food & Drink,Sale,-59.83,
277,01/24/2023,01/25/2023,BEYOND MENU  92496808,Food & Drink,Sale,-32.82,
278,01/22/2023,01/23/2023,BREWDOG USA ONLINESHOP,Shopping,Sale,-59.99,
279,01/21/2023,01/23/2023,KUM&amp;GO 1215 AMES,Gas,Sale,-26.65,
280,01/22/2023,01/23/2023,SQ *CORNBRED BARBECUE,Food & Drink,Sale,-98.11,
281,01/22/2023,01/23/2023,AMZN Mktp US*701YU2PG3,Shopping,Sale,-160.45,
282,01/21/2023,01/22/2023,LS EMERHOFFS FOOTWEAR,Shopping,Sale,-53.5,
283,01/20/2023,01/22/2023,AMZN Mktp US*YR4F85J83,Shopping,Sale,-136.16,
284,01/21/2023,01/22/2023,HARBY PEDALS,Shopping,Sale,-139.0,
285,01/21/2023,01/22/2023,SQ *CORNBRED BARBECUE,Food & Drink,Sale,-43.54,
286,01/15/2023,01/17/2023,CASEYS  STORE 4315,Gas,Sale,-47.74,
287,01/16/2023,01/17/2023,HABITAT FOR HUMANITY OF C,Shopping,Sale,-50.0,
288,01/13/2023,01/16/2023,AUNT MAUDES,Food & Drink,Sale,-40.03,
289,01/14/2023,01/16/2023,TRADEHOME SHOES #072,Shopping,Sale,-119.83,
290,01/12/2023,01/13/2023,Audible*0D7HF9LJ3,Bills & Utilities,Sale,-2.13,
291,01/12/2023,01/13/2023,Kindle Svcs*EA69J7R73,Shopping,Sale,-3.2,
292,01/13/2023,01/13/2023,Kindle Svcs*FT0ST9A23,Shopping,Sale,-12.83,
293,01/12/2023,01/13/2023,Audible*WQ1ST7XZ3,Bills & Utilities,Sale,-18.85,
294,01/11/2023,01/11/2023,AMZN Mktp US*M48TB35T3,Shopping,Sale,-110.02,
295,01/10/2023,01/11/2023,FARMERS INS BILLING,Bills & Utilities,Sale,-1988.0,
296,01/09/2023,01/09/2023,AMZN Mktp US*JX8LD5NO3,Shopping,Sale,-17.11,
297,01/09/2023,01/09/2023,TST* Wasabi Ames,Food & Drink,Sale,-73.66,
298,01/07/2023,01/09/2023,Mucky Duck Pub,Food & Drink,Sale,-68.15,
299,01/07/2023,01/08/2023,MCC*MEDIACOM,Bills & Utilities,Sale,-89.99,
300,01/07/2023,01/08/2023,SQ *ROOT TO RISE FARM,Groceries,Sale,-500.0,
301,01/05/2023,01/05/2023,AUTOMATIC PAYMENT - THANK,Payment,Payment,1983.82,
302,01/04/2023,01/04/2023,SXM*SIRIUSXM.COM/ACCT,Bills & Utilities,Sale,-23.37,
303,01/03/2023,01/04/2023,NETFLIX.COM,Bills & Utilities,Sale,-21.39,
304,12/31/2022,01/02/2023,THE CAFE,Food & Drink,Sale,-100.05,
305,12/31/2022,01/01/2023,Audible*TK9X92HR3,Bills & Utilities,Sale,-16.0,
306,12/29/2022,12/30/2022,AMZN Mktp US*IF9038U03,Shopping,Sale,-27.88,
307,12/29/2022,12/30/2022,HY-VEE F&amp;F AMES 5018,Gas,Sale,-47.37,
308,12/27/2022,12/28/2022,AMES FITNESS CENTER -POS,Health & Wellness,Sale,-492.94,
309,12/24/2022,12/26/2022,Mucky Duck Pub,Food & Drink,Sale,-90.98,
310,12/21/2022,12/22/2022,AMZN Mktp US*TO9U56U33,Shopping,Sale,-48.14,
311,12/19/2022,12/21/2022,VERIZON WRLS M8424-01,Shopping,Sale,-1401.66,
312,12/18/2022,12/19/2022,TARGET        00011700,Shopping,Sale,-150.87,
313,12/17/2022,12/19/2022,LOTF_1,Food & Drink,Sale,-156.4,
314,12/19/2022,12/19/2022,AMZN Mktp US*7Q7F27CV3,Shopping,Sale,-28.88,
315,12/18/2022,12/19/2022,SAMSCLUB #6568,Shopping,Sale,-141.92,
316,12/15/2022,12/18/2022,SQ *LONDON UNDERGROUND,Food & Drink,Sale,-52.0,
317,12/15/2022,12/18/2022,SQ *THE ANGRY IRISHMEN,Food & Drink,Sale,-53.25,
318,12/14/2022,12/15/2022,Kindle Svcs*P27EP2ET3,Shopping,Sale,-4.27,
319,12/14/2022,12/15/2022,TST* BIG GROVE BREWERY -,Food & Drink,Sale,-168.46,
320,12/13/2022,12/14/2022,BOULDER TAP HOUSE AMES,Food & Drink,Sale,-42.08,
321,12/12/2022,12/14/2022,KUM&amp;GO 1215 AMES,Gas,Sale,-56.53,
322,12/09/2022,12/11/2022,AMZN Mktp US*V610N7A63,Shopping,Sale,-25.63,
323,12/08/2022,12/08/2022,AMZN Mktp US*BR9XA08A3,Shopping,Sale,-86.81,
324,12/08/2022,12/08/2022,MCC*MEDIACOM,Bills & Utilities,Sale,-89.99,
325,12/05/2022,12/06/2022,SAMS SCAN-N-GO,Shopping,Sale,-101.14,
326,12/04/2022,12/06/2022,CAFEBEAUDELAIRE,Food & Drink,Sale,-70.25,
327,12/05/2022,12/05/2022,AUTOMATIC PAYMENT - THANK,Payment,Payment,3024.41,
328,12/03/2022,12/04/2022,AMZN Mktp US*EZ63X4CY3,Shopping,Sale,-12.39,
329,12/04/2022,12/04/2022,SXM*SIRIUSXM.COM/ACCT,Bills & Utilities,Sale,-7.78,
330,12/03/2022,12/04/2022,NETFLIX.COM,Bills & Utilities,Sale,-21.39,
331,11/30/2022,12/01/2022,Audible*M07Z67AP3,Bills & Utilities,Sale,-16.0,
332,11/30/2022,12/01/2022,CC* CITY OF AMES IA,Bills & Utilities,Sale,-23.0,
333,11/27/2022,11/29/2022,KUM&amp;GO 1215 AMES,Gas,Sale,-61.09,
334,11/28/2022,11/28/2022,TST* Wasabi Ames,Food & Drink,Sale,-99.06,
335,11/24/2022,11/27/2022,KUM&amp;GO 1215 AMES,Gas,Sale,-47.41,
336,11/21/2022,11/23/2022,AUNT MAUDES,Food & Drink,Sale,-60.62,
337,11/20/2022,11/22/2022,CAFEBEAUDELAIRE,Food & Drink,Sale,-67.02,
338,11/19/2022,11/21/2022,CYCLONE LIQUORS - AMES,Food & Drink,Sale,-24.12,
339,11/19/2022,11/20/2022,SAMS SCAN-N-GO,Shopping,Sale,-77.19,
340,11/18/2022,11/20/2022,AMZN Mktp US*HI16Y5ZX2,Shopping,Sale,-442.23,
341,11/18/2022,11/18/2022,AMZN Mktp US*HI4LN0BF0,Shopping,Sale,-12.79,
342,11/16/2022,11/17/2022,Kindle Svcs*HI4804LW1,Shopping,Sale,-12.83,
343,11/15/2022,11/16/2022,MGMC MYCHART,Health & Wellness,Sale,-79.6,
344,11/15/2022,11/16/2022,Audible*HB6HK7G02,Bills & Utilities,Sale,-38.39,
345,11/14/2022,11/14/2022,TST* Wasabi Ames,Food & Drink,Sale,-83.82,
346,11/11/2022,11/13/2022,HY-VEE F&amp;F AMES 5018,Gas,Sale,-53.78,
347,11/10/2022,11/11/2022,Icelandair Saga Kitchen,Shopping,Sale,-20.53,
348,11/10/2022,11/11/2022,Icelandair Saga Kitchen,Shopping,Sale,-12.32,
349,11/09/2022,11/10/2022,Nord,Food & Drink,Sale,-45.93,
350,11/09/2022,11/10/2022,Reykjavik Roasters,Food & Drink,Sale,-11.12,
351,11/09/2022,11/10/2022,Hreyfill 29,Travel,Sale,-102.87,
352,11/08/2022,11/10/2022,Einstok Bar,Food & Drink,Sale,-19.17,
353,11/08/2022,11/10/2022,Dillon ehf,Food & Drink,Sale,-19.93,
354,11/09/2022,11/10/2022,Loksins Bar Reykjavik,Food & Drink,Sale,-33.11,
355,11/09/2022,11/10/2022,DUDLEYS CORNER,Gas,Sale,-41.85,
356,11/08/2022,11/09/2022,Hid Islenska Redasafn,Entertainment,Sale,-34.23,
357,11/07/2022,11/09/2022,The Laundromat Cafe,Food & Drink,Sale,-4.74,
358,11/07/2022,11/09/2022,IslandsApotek,Health & Wellness,Sale,-16.57,
359,11/08/2022,11/09/2022,Vitabar,Food & Drink,Sale,-28.07,
360,11/07/2022,11/09/2022,IslandsApotek,Health & Wellness,Sale,-4.68,
361,11/07/2022,11/08/2022,Mal og menning Veiting,Food & Drink,Sale,-23.72,
362,11/07/2022,11/08/2022,Blessing ehf,Food & Drink,Sale,-75.57,
363,11/07/2022,11/08/2022,Heilsugaeslan Midbae,Health & Wellness,Sale,-73.13,
364,11/07/2022,11/08/2022,SUNDHOLL RVIKU,Home,Sale,-15.59,
365,11/07/2022,11/08/2022,Einstok Bar,Food & Drink,Sale,-16.27,
366,11/06/2022,11/07/2022,Krambudin Skolavordust 33,Groceries,Sale,-26.86,
367,11/07/2022,11/07/2022,MCC*MEDIACOM,Bills & Utilities,Sale,-79.99,
368,11/06/2022,11/07/2022,Reykjavik Roasters,Food & Drink,Sale,-10.99,
369,11/06/2022,11/07/2022,Tonleikar,Health & Wellness,Sale,-7.46,
370,11/06/2022,11/07/2022,Brewdog,Food & Drink,Sale,-10.1,
371,11/06/2022,11/07/2022,Prime Video *H05D83YK2,Shopping,Sale,-5.34,
372,11/05/2022,11/06/2022,Mango Veitingar Ehf,Food & Drink,Sale,-71.91,
373,11/06/2022,11/06/2022,AMZN Mktp US*H01CO3RA2,Shopping,Sale,-108.67,
374,11/04/2022,11/06/2022,SXM*SIRIUSXM.COM/ACCT,Bills & Utilities,Sale,-7.78,
375,11/05/2022,11/06/2022,SUNDHOLL RVIKU,Home,Sale,-15.59,
376,11/05/2022,11/06/2022,Prikid,Food & Drink,Sale,-8.74,
377,11/04/2022,11/06/2022,Tonleikar,Health & Wellness,Sale,-18.3,
378,11/04/2022,11/06/2022,Tonleikar,Health & Wellness,Sale,-7.45,
379,11/04/2022,11/06/2022,Hurra,Food & Drink,Sale,-20.33,
380,11/04/2022,11/06/2022,Sky Lagoon,Health & Wellness,Sale,-49.34,
381,11/04/2022,11/06/2022,BONUS LAUGAVEG,Groceries,Sale,-9.99,
382,11/04/2022,11/06/2022,Hurra,Food & Drink,Sale,-24.4,
383,11/06/2022,11/06/2022,AMZN Mktp US*H22UZ45E1,Shopping,Sale,-12.83,
384,11/04/2022,11/06/2022,Sky Lagoon,Health & Wellness,Sale,-50.69,
385,11/04/2022,11/04/2022,AUTOMATIC PAYMENT - THANK,Payment,Payment,1261.39,
386,11/03/2022,11/04/2022,Reykjavik Roasters,Food & Drink,Sale,-5.36,
387,11/03/2022,11/04/2022,Svarta Kaffid,Food & Drink,Sale,-56.46,
388,11/03/2022,11/04/2022,Reykjavik Roasters,Food & Drink,Sale,-11.15,
389,11/03/2022,11/04/2022,NETFLIX.COM,Bills & Utilities,Sale,-21.39,
390,11/03/2022,11/04/2022,Idno,Food & Drink,Sale,-8.81,
391,11/03/2022,11/04/2022,TONLEIKAR,Food & Drink,Sale,-19.04,
392,11/01/2022,11/03/2022,Bravo.,Food & Drink,Sale,-19.39,
393,11/02/2022,11/03/2022,RED - afgreidsla BSI,Travel,Sale,-156.89,
394,11/01/2022,11/03/2022,Den Danske Kro,Food & Drink,Sale,-10.04,
395,11/02/2022,11/03/2022,Lindin Veitingahus ehf.,Food & Drink,Sale,-66.16,
396,11/02/2022,11/03/2022,BONUS HVERAGERDI,Groceries,Sale,-17.82,
397,11/02/2022,11/03/2022,Laugarvatn Fontana,Health & Wellness,Sale,-95.3,
398,11/01/2022,11/03/2022,Den Danske Kro,Food & Drink,Sale,-10.04,
399,11/01/2022,11/02/2022,Braud og co - Frakkastig,Food & Drink,Sale,-32.13,
400,11/01/2022,11/02/2022,Reykjavik Roasters,Food & Drink,Sale,-11.23,
401,11/02/2022,11/02/2022,Prime Video *H23QM8NO0,Shopping,Sale,-5.34,
402,10/31/2022,11/02/2022,The Laundromat Cafe,Food & Drink,Sale,-36.83,
403,10/31/2022,11/01/2022,Icelandair Saga Kitchen,Shopping,Sale,-12.51,
404,10/31/2022,11/01/2022,Braud og co - Frakkastig,Food & Drink,Sale,-18.28,
405,10/31/2022,11/01/2022,Ferdaskrifstofa Kynnisfe,Travel,Sale,-63.95,
406,10/31/2022,11/01/2022,SUNDHOLL RVIKU,Home,Sale,-15.99,
407,10/31/2022,11/01/2022,Reykjavik Roasters,Food & Drink,Sale,-11.27,
408,10/31/2022,11/01/2022,Icelandair Saga Kitchen,Shopping,Sale,-20.86,
409,10/31/2022,11/01/2022,Icelandair Saga Kitchen,Shopping,Sale,-12.51,
410,10/31/2022,10/31/2022,Audible*H07W614R2,Bills & Utilities,Sale,-16.0,
411,10/30/2022,10/31/2022,PHILLIPS 66 - SWIFT ST,Gas,Sale,-32.77,
412,10/29/2022,10/31/2022,HIGHCLASSGLASSIOWA,Shopping,Sale,-71.66,
413,10/27/2022,10/28/2022,THE SPICE THAI CUISINE,Food & Drink,Sale,-65.11,
414,10/27/2022,10/28/2022,AMZN Mktp US*H020I2X20,Shopping,Sale,-10.48,
415,10/27/2022,10/28/2022,Amazon.com*H01YM9MW0,Shopping,Sale,-34.23,
416,10/24/2022,10/25/2022,Amazon.com*H85R292D1,Shopping,Sale,-44.14,
417,10/23/2022,10/24/2022,DELLA VITI,Food & Drink,Sale,-64.36,
418,10/22/2022,10/23/2022,O DONNELL ACE HARDWARE,Home,Sale,-59.0,
419,10/21/2022,10/23/2022,GOODWILL AMES,Shopping,Sale,-41.0,
420,10/22/2022,10/23/2022,AMZN Mktp US*HT6K259N2,Shopping,Sale,-29.95,
421,10/21/2022,10/23/2022,SQ *ACPS,Health & Wellness,Sale,-25.0,
422,10/17/2022,10/18/2022,Nest apartments EUR,Travel,Sale,-509.45,
423,10/14/2022,10/17/2022,LOTF_1,Food & Drink,Sale,-134.4,
424,10/17/2022,10/17/2022,TST* Wasabi Ames,Food & Drink,Sale,-62.43,
425,10/12/2022,10/13/2022,MCFARLAND CLINIC BUSINESS,Health & Wellness,Sale,-167.6,
426,10/11/2022,10/12/2022,Kindle Svcs*HT10Y3CL0,Shopping,Sale,-10.69,
427,10/09/2022,10/11/2022,KUM&amp;GO 1215 AMES,Gas,Sale,-55.01,
428,10/06/2022,10/09/2022,RIEMAN MUSIC INC,Shopping,Sale,-21.35,
429,10/08/2022,10/09/2022,MCC*MEDIACOM,Bills & Utilities,Sale,-79.99,
430,10/05/2022,10/05/2022,AUTOMATIC PAYMENT - THANK,Payment,Payment,6067.54,
431,10/04/2022,10/05/2022,SXM*SIRIUSXM.COM/ACCT,Bills & Utilities,Sale,-7.78,
432,10/04/2022,10/04/2022,TST* Wasabi Ames,Food & Drink,Sale,-87.0,
433,10/03/2022,10/04/2022,NETFLIX.COM,Bills & Utilities,Sale,-21.39,
434,10/03/2022,10/04/2022,Kindle Svcs*146E49PX2,Shopping,Sale,-14.97,
435,09/30/2022,09/30/2022,Audible*1453P7N61,Bills & Utilities,Sale,-16.0,
436,09/28/2022,09/29/2022,PY *Dentistry At Somerset,Health & Wellness,Sale,-126.86,
437,09/27/2022,09/28/2022,SQ *CORNBRED BARBECUE,Food & Drink,Sale,-62.62,
438,09/27/2022,09/27/2022,TST* Wasabi Ames,Food & Drink,Sale,-116.85,
439,09/25/2022,09/27/2022,KUM&amp;GO 1215 AMES,Gas,Sale,-54.88,
440,09/23/2022,09/25/2022,Mucky Duck Pub,Food & Drink,Sale,-88.64,
441,09/21/2022,09/23/2022,WWW.VEORIDE.COM,Shopping,Return,14.71,
442,09/21/2022,09/22/2022,WWW.VEORIDE.COM,Shopping,Sale,-14.71,
443,09/21/2022,09/22/2022,WWW.VEORIDE.COM,Shopping,Sale,-20.0,
444,09/21/2022,09/22/2022,Audible*1M5SK3YP0,Bills & Utilities,Sale,-6.37,
445,09/21/2022,09/22/2022,PIZZA DADDY'S,Food & Drink,Sale,-26.9,
446,09/18/2022,09/21/2022,ICELANDAIR,Travel,Sale,-446.18,
447,09/20/2022,09/21/2022,CLOCK HOUSE BREWING,Food & Drink,Sale,-37.29,
448,09/20/2022,09/21/2022,BLACK SHEEP SOCIAL CLUB,Food & Drink,Sale,-69.79,
449,09/20/2022,09/21/2022,Kindle Svcs*1U8GH0FT1,Shopping,Sale,-14.97,
450,09/13/2022,09/15/2022,SQ *CORNBRED BARBECUE,Food & Drink,Sale,-28.19,
451,09/07/2022,09/07/2022,MCC*MEDIACOM,Bills & Utilities,Sale,-79.99,
452,09/06/2022,09/07/2022,TST* Wasabi Ames,Food & Drink,Sale,-85.81,
453,09/05/2022,09/05/2022,AUTOMATIC PAYMENT - THANK,Payment,Payment,1773.42,
454,09/04/2022,09/05/2022,SXM*SIRIUSXM.COM/ACCT,Bills & Utilities,Sale,-7.78,
455,09/03/2022,09/04/2022,NETFLIX.COM,Bills & Utilities,Sale,-21.39,
456,09/02/2022,09/04/2022,SQ *ALLUVIAL BREWING COMP,Food & Drink,Sale,-28.9,
457,08/30/2022,09/01/2022,AUNT MAUDES,Food & Drink,Sale,-43.99,
458,08/31/2022,08/31/2022,Audible*1V4N28M51,Bills & Utilities,Sale,-16.0,
459,08/29/2022,08/30/2022,LA CASA MAYA,Food & Drink,Sale,-47.7,
460,08/24/2022,08/30/2022,TOUR CENTRAL PARK INC,Shopping,Sale,-54.44,
461,08/28/2022,08/30/2022,STEWART HOTEL,Travel,Sale,-367.26,
462,08/28/2022,08/29/2022,ALG*AIR     BYTJGM,Travel,Sale,-50.0,
463,08/28/2022,08/29/2022,ALG*AIR     BYTJGM,Travel,Sale,-50.0,
464,08/27/2022,08/29/2022,PLANT BAR EAST VILLAGE,Food & Drink,Sale,-192.02,
465,08/28/2022,08/29/2022,SQ *GRACE'S,Food & Drink,Sale,-76.62,
466,08/26/2022,08/28/2022,PIO BAGEL,Food & Drink,Sale,-19.94,
467,08/26/2022,08/28/2022,LUNA PARK IN CONEY ISLAN,Entertainment,Sale,-207.0,
468,08/25/2022,08/28/2022,MUSTANG HARRY`S,Food & Drink,Sale,-45.2,
469,08/26/2022,08/28/2022,SEATGEEK EVENT TICKETS,Entertainment,Sale,-658.56,
470,08/25/2022,08/28/2022,MSG CONCESSIONS,Food & Drink,Sale,-17.0,
471,08/26/2022,08/28/2022,BRYANT MARKET,Groceries,Sale,-23.85,
472,08/25/2022,08/28/2022,STATUE CRUISES,Travel,Sale,-50.0,
473,08/26/2022,08/28/2022,FLOWERS ON ESSEX LLC,Shopping,Sale,-16.25,
474,08/26/2022,08/28/2022,TST* Spicy Moon Vegetaria,Food & Drink,Sale,-166.35,
475,08/25/2022,08/28/2022,MTA*METROCARD MACHINE,Travel,Sale,-11.0,
476,08/25/2022,08/26/2022,SEATGEEK EVENT TICKETS,Entertainment,Sale,-150.0,
477,08/24/2022,08/26/2022,NILES NEW YORK CITY,Food & Drink,Sale,-36.31,
478,08/24/2022,08/26/2022,TST* Vegan on the fly,Food & Drink,Sale,-59.85,
479,08/25/2022,08/26/2022,HAPPY VEGGIE RESTAURANT,Food & Drink,Sale,-76.63,
480,08/25/2022,08/26/2022,SEATGEEK TICKETS,Entertainment,Sale,-76.61,
481,08/25/2022,08/26/2022,SQ *PLANT-BAKED,Food & Drink,Sale,-26.5,
482,08/25/2022,08/26/2022,SMASHBURGER #1732,Food & Drink,Sale,-21.39,
483,08/23/2022,08/25/2022,MSG MERCH STORE,Shopping,Sale,-17.0,
484,08/23/2022,08/25/2022,MSG MERCH STORE,Shopping,Sale,-34.5,
485,08/23/2022,08/24/2022,SEATGEEK EVENT TICKETS,Entertainment,Sale,-41.98,
486,08/22/2022,08/24/2022,ONE WORLD OBSY CAFE,Food & Drink,Sale,-28.24,
487,08/22/2022,08/24/2022,ONE WORLD OBSY KIOSKS,Shopping,Sale,-148.08,
488,08/23/2022,08/24/2022,HAPPY VEGGIE RESTAURANT,Food & Drink,Sale,-82.95,
489,08/23/2022,08/24/2022,SQ *PASTE + JASON LAURITS,Shopping,Sale,-38.0,
490,08/23/2022,08/24/2022,SEATGEEK TICKETS,Entertainment,Return,197.8,
491,08/23/2022,08/24/2022,Kindle Svcs*FF1X89DU3,Shopping,Sale,-36.71,
492,08/22/2022,08/23/2022,DAVE &amp; BUSTERS 50 PWC,Entertainment,Sale,-28.0,
493,08/22/2022,08/23/2022,TST* Prova Pizzabar - Tim,Food & Drink,Sale,-6.53,
494,08/22/2022,08/23/2022,SEATGEEK EVENT TICKETS,Entertainment,Sale,-1116.76,
495,08/22/2022,08/23/2022,TST* Prova Pizzabar - Tim,Food & Drink,Sale,-35.52,
496,08/22/2022,08/23/2022,KARAKATTA,Food & Drink,Sale,-65.0,
497,08/22/2022,08/23/2022,TST* TEMERARIO,Food & Drink,Sale,-23.24,
498,08/21/2022,08/22/2022,SQ *BEYOND SUSHI 37TH STR,Food & Drink,Sale,-90.39,
499,08/21/2022,08/22/2022,ALG*AIR     BYTJGM,Travel,Sale,-10.0,
500,08/21/2022,08/22/2022,ALG*AIR     BYTJGM,Travel,Sale,-100.0,
501,08/21/2022,08/22/2022,NJT NWK-INT AIR   0358,Travel,Sale,-31.0,
502,08/21/2022,08/22/2022,Mucky Duck Pub,Food & Drink,Sale,-80.01,
503,08/21/2022,08/22/2022,SQ *WILLOW VEGAN RESTAURA,Food & Drink,Sale,-130.16,
504,08/18/2022,08/19/2022,AOK ATOMIC,Shopping,Sale,-72.76,
505,08/17/2022,08/18/2022,AMZN Mktp US*XZ4OJ2D53,Shopping,Sale,-68.26,
506,08/13/2022,08/15/2022,SPARKY'S ONE STOP,Gas,Sale,-58.63,
507,08/13/2022,08/15/2022,TST* Wilbo,Food & Drink,Sale,-34.26,
508,08/13/2022,08/15/2022,KUM&amp;GO 1113 AMES,Gas,Sale,-37.68,
509,08/12/2022,08/14/2022,STOMPING GROUNDS CAFE,Food & Drink,Sale,-85.62,
510,08/11/2022,08/14/2022,THE CAFE,Food & Drink,Sale,-217.25,
511,08/10/2022,08/11/2022,SEATGEEK EVENT TICKETS,Entertainment,Sale,-327.88,
512,08/09/2022,08/10/2022,SEATGEEK TICKETS,Entertainment,Sale,-197.8,
513,08/09/2022,08/10/2022,SQ *CORNBRED BARBECUE,Food & Drink,Sale,-53.7,
514,08/08/2022,08/08/2022,TST* Wasabi Ames,Food & Drink,Sale,-129.23,
515,08/05/2022,08/08/2022,AUNT MAUDES,Food & Drink,Sale,-103.28,
516,08/07/2022,08/07/2022,MCC*MEDIACOM,Bills & Utilities,Sale,-79.99,
517,08/05/2022,08/05/2022,AUTOMATIC PAYMENT - THANK,Payment,Payment,4518.03,
518,08/03/2022,08/04/2022,NETFLIX.COM,Bills & Utilities,Sale,-21.39,
519,08/04/2022,08/04/2022,SXM*SIRIUSXM.COM/ACCT,Bills & Utilities,Sale,-7.78,
520,08/02/2022,08/03/2022,THE SPICE THAI CUISINE,Food & Drink,Sale,-74.49,
521,08/02/2022,08/03/2022,Mucky Duck Pub,Food & Drink,Sale,-65.8,
522,07/29/2022,08/01/2022,BACKES COMMERCIAL AUCTION,Professional Services,Sale,-1064.65,
523,07/31/2022,07/31/2022,Audible*1G0XL8AS3,Bills & Utilities,Sale,-16.0,
524,07/28/2022,07/29/2022,EB ARKANSAUCE,Personal,Sale,-28.72,
525,07/27/2022,07/28/2022,GOOGLE *Google Storage,Shopping,Sale,-32.09,
526,07/25/2022,07/26/2022,EIG*BLUEHOST.COM,Bills & Utilities,Sale,-18.99,
527,07/24/2022,07/25/2022,AMZN Mktp US*172UI7Z13,Shopping,Sale,-27.81,
528,07/24/2022,07/24/2022,AMZN Mktp US*849EL2HY3,Shopping,Sale,-19.25,
529,07/17/2022,07/19/2022,QT 559,Gas,Sale,-67.26,
530,07/17/2022,07/18/2022,AMZN Mktp US*B51TB4JJ3,Shopping,Sale,-25.67,
531,07/17/2022,07/18/2022,TST* Wasabi Ames,Food & Drink,Sale,-66.63,
532,07/14/2022,07/17/2022,REBELLION BREW HAUS,Food & Drink,Sale,-10.0,
533,07/14/2022,07/15/2022,AMZN Mktp US*YW5587O53,Shopping,Sale,-29.95,
534,07/13/2022,07/14/2022,UBER   TRIP,Travel,Sale,-10.16,
535,07/13/2022,07/13/2022,UBER   TRIP,Travel,Sale,-12.62,
536,07/10/2022,07/11/2022,PHILLIPS 66 - SOUTH GA,Gas,Sale,-59.46,
537,07/08/2022,07/08/2022,MCC*MEDIACOM,Bills & Utilities,Sale,-79.99,
538,07/07/2022,07/08/2022,Sky Lagoon,Health & Wellness,Sale,-205.55,
539,07/06/2022,07/07/2022,SKUNK RIVER CYCLES,Shopping,Sale,-144.45,
540,07/05/2022,07/05/2022,AUTOMATIC PAYMENT - THANK,Payment,Payment,1912.14,
541,07/04/2022,07/04/2022,SXM*SIRIUSXM.COM/ACCT,Bills & Utilities,Sale,-7.78,
542,07/03/2022,07/04/2022,NETFLIX.COM,Bills & Utilities,Sale,-21.39,
543,06/30/2022,07/03/2022,THE CAFE,Food & Drink,Sale,-70.99,
544,06/30/2022,06/30/2022,Audible*5Q2Y05P63,Bills & Utilities,Sale,-16.0,
545,06/29/2022,06/30/2022,AMZN Mktp US*OZ5BQ2HP3,Shopping,Sale,-29.81,
546,06/27/2022,06/29/2022,AUNT MAUDES,Food & Drink,Sale,-43.71,
547,06/25/2022,06/26/2022,SQ *LONDON UNDERGROUND,Food & Drink,Sale,-15.0,
548,06/25/2022,06/26/2022,TST* JALEO CHICAGO,Food & Drink,Sale,-66.93,
549,06/24/2022,06/26/2022,MAP ROOM,Food & Drink,Sale,-31.16,
550,06/24/2022,06/26/2022,VENTRA VENDING 07102,Travel,Sale,-3.0,
551,06/24/2022,06/26/2022,TST* Thai Flavors Ingerso,Food & Drink,Sale,-73.6,
552,06/21/2022,06/26/2022,QUARTINO ITALIAN WINE,Food & Drink,Sale,-47.72,
553,06/24/2022,06/26/2022,EMBASSY SUITES,Travel,Sale,-913.86,
554,06/24/2022,06/26/2022,FARMER'S FRIDGE,Groceries,Sale,-11.35,
555,06/23/2022,06/24/2022,HOTEL ACCOMMODATIONS,Travel,Sale,-1572.78,
556,06/23/2022,06/24/2022,SHAMROCK CLUB,Food & Drink,Sale,-109.0,
557,06/22/2022,06/23/2022,ALLEGNT*AIR BYTJGM,Travel,Sale,-450.0,
558,06/22/2022,06/23/2022,SQ *TINY TAPP &amp; CAFE,Food & Drink,Sale,-52.3,
559,06/21/2022,06/22/2022,VENTRA VENDING 05304,Travel,Sale,-5.0,
560,06/20/2022,06/21/2022,AMZN Mktp US*3P4086S93,Shopping,Sale,-35.29,
561,06/20/2022,06/21/2022,HY-VEE F&amp;F AMES 5018,Gas,Sale,-69.74,
562,06/20/2022,06/20/2022,TST* Wasabi Ames,Food & Drink,Sale,-135.01,
563,06/14/2022,06/15/2022,WWW.WEARGUSTIN.COM,Shopping,Return,88.0,
564,06/13/2022,06/14/2022,AMZN Mktp US*ZB9JW25G3,Shopping,Sale,-74.89,
565,06/13/2022,06/13/2022,TST* Wasabi Ames,Food & Drink,Sale,-65.97,
566,06/09/2022,06/12/2022,TST* Crazy Horse Beer &amp; B,Food & Drink,Sale,-29.26,
567,06/09/2022,06/10/2022,PHILLIPS 66 - SWIFT ST,Gas,Sale,-45.6,
568,06/08/2022,06/09/2022,NORTH GRAND CINEMA,Entertainment,Sale,-90.9,
569,06/07/2022,06/07/2022,MCC*MEDIACOM,Bills & Utilities,Sale,-79.99,
570,06/06/2022,06/07/2022,HY-VEE F&amp;F AMES 5018,Gas,Sale,-43.82,
571,06/05/2022,06/07/2022,GBTFEE0167750167752864291,Travel,Sale,-5.0,
572,06/06/2022,06/06/2022,TST* Wasabi Ames,Food & Drink,Sale,-82.5,
573,06/05/2022,06/05/2022,AUTOMATIC PAYMENT - THANK,Payment,Payment,755.51,
574,06/03/2022,06/05/2022,UNITED      0167752864291,Travel,Sale,-600.91,
575,06/04/2022,06/05/2022,SXM*SIRIUSXM.COM/ACCT,Bills & Utilities,Sale,-7.78,
576,06/03/2022,06/05/2022,SQ *CORNBRED BARBECUE,Food & Drink,Sale,-31.94,
577,06/04/2022,06/05/2022,AMZN Mktp US*S75PW4IA3,Shopping,Sale,-0.09,
578,06/03/2022,06/05/2022,NETFLIX.COM,Bills & Utilities,Sale,-21.39,
579,05/29/2022,05/31/2022,CASEYS #0095,Gas,Sale,-45.1,
580,05/31/2022,05/31/2022,Audible*1X7S35NO0,Bills & Utilities,Sale,-16.0,
581,05/30/2022,05/30/2022,TST* Wasabi Ames,Food & Drink,Sale,-114.31,
582,05/28/2022,05/30/2022,CASEYS #2881,Gas,Sale,-64.33,
583,05/27/2022,05/29/2022,BEST BUY      00008128,Shopping,Sale,-40.64,
584,05/26/2022,05/29/2022,CASEYS #2298,Gas,Sale,-62.48,
585,05/27/2022,05/29/2022,HOLUB GREENHOUSES,Home,Sale,-56.36,
586,05/26/2022,05/27/2022,SQ *CORNBRED BARBECUE,Food & Drink,Sale,-25.47,
587,05/25/2022,05/27/2022,APPLEBEES 879300210021,Food & Drink,Sale,-57.08,
588,05/25/2022,05/27/2022,FLAME-N-SKEWER,Food & Drink,Sale,-32.47,
589,05/23/2022,05/25/2022,CASEYS #2298,Gas,Sale,-40.43,
590,05/23/2022,05/25/2022,TARGET        00011700,Shopping,Sale,-102.71,
591,05/20/2022,05/22/2022,AMZN Mktp US*1X82B6OP1,Shopping,Sale,-74.89,
592,05/18/2022,05/18/2022,TST* Wasabi Ames,Food & Drink,Sale,-115.58,
593,05/12/2022,05/13/2022,HY-VEE F&amp;F AMES 5018,Gas,Sale,-74.85,
594,05/11/2022,05/12/2022,ELIZABELLA FLOWER FARM,Shopping,Sale,-12.84,
595,05/08/2022,05/09/2022,O DONNELL ACE HARDWARE,Home,Sale,-127.0,
596,05/08/2022,05/09/2022,AMZN Mktp US*1L7KV4141,Shopping,Sale,-64.18,
597,05/08/2022,05/08/2022,MCC*MEDIACOM,Bills & Utilities,Sale,-79.99,
598,05/05/2022,05/05/2022,AUTOMATIC PAYMENT - THANK,Payment,Payment,3581.71,
599,05/04/2022,05/04/2022,SXM*SIRIUSXM.COM/ACCT,Bills & Utilities,Sale,-7.78,
600,05/03/2022,05/04/2022,NETFLIX.COM,Bills & Utilities,Sale,-21.39,
601,05/03/2022,05/03/2022,TST* Wasabi Ames,Food & Drink,Sale,-70.58,
602,04/30/2022,05/02/2022,SQ *CORNBRED BARBECUE,Food & Drink,Sale,-98.64,
603,05/01/2022,05/02/2022,AMZN Mktp US*1Q3CM1VC0,Shopping,Sale,-65.94,
604,04/30/2022,05/01/2022,Audible*1Q29W1TR0,Bills & Utilities,Sale,-16.0,
605,04/29/2022,04/29/2022,1-800-FLOWERS.COM INC.,Shopping,Sale,-74.88,
606,04/23/2022,04/24/2022,PHILLIPS 66 - SWIFT ST,Gas,Sale,-64.48,
607,04/19/2022,04/19/2022,TST* Wasabi Ames,Food & Drink,Sale,-78.13,
608,04/17/2022,04/18/2022,Amazon.com*1O6QG1MH1,Shopping,Sale,-10.69,
609,04/16/2022,04/17/2022,BOULDER TAP HOUSE AMES,Food & Drink,Sale,-25.29,
610,04/13/2022,04/14/2022,AMZN Mktp US*1A39B8OT2,Shopping,Sale,-13.9,
611,04/09/2022,04/10/2022,PHILLIPS 66 - SWIFT ST,Gas,Sale,-5.06,
612,04/09/2022,04/10/2022,TST* Wasabi Ames,Food & Drink,Sale,-122.76,
613,04/06/2022,04/07/2022,SQ *LOCKWOOD,Food & Drink,Sale,-30.48,
614,04/07/2022,04/07/2022,MCC*MEDIACOM,Bills & Utilities,Sale,-79.99,
615,04/05/2022,04/06/2022,AMZN Mktp US*1H3J46OY2,Shopping,Sale,-379.26,
616,04/05/2022,04/05/2022,AUTOMATIC PAYMENT - THANK,Payment,Payment,944.37,
617,04/04/2022,04/05/2022,PERFECT GAMES,Food & Drink,Sale,-80.54,
618,04/03/2022,04/04/2022,NETFLIX.COM,Bills & Utilities,Sale,-21.39,
619,04/04/2022,04/04/2022,SXM*SIRIUSXM.COM/ACCT,Bills & Utilities,Sale,-7.78,
620,04/03/2022,04/04/2022,Amazon.com*1H0MU5BI1,Shopping,Sale,-17.06,
621,04/02/2022,04/03/2022,AMZN Mktp US*1H9RB9VY1,Shopping,Sale,-35.98,
622,04/01/2022,04/03/2022,SQ *CORNBRED BARBECUE,Food & Drink,Sale,-62.08,
623,04/01/2022,04/01/2022,TST* Wasabi Ames,Food & Drink,Sale,-78.74,
624,03/31/2022,03/31/2022,Audible*1685Z01K2,Bills & Utilities,Sale,-16.0,
625,03/31/2022,03/31/2022,TST* Wasabi Ames,Food & Drink,Sale,-123.0,
626,03/26/2022,03/28/2022,WILSON TOYOTA,Automotive,Sale,-97.56,
627,03/27/2022,03/28/2022,TST* Wasabi Ames,Food & Drink,Sale,-153.79,
628,03/25/2022,03/28/2022,FLAME-N-SKEWER,Food & Drink,Sale,-52.1,
629,03/25/2022,03/27/2022,FANDANGO    *,Entertainment,Sale,-21.78,
630,03/22/2022,03/23/2022,Amazon Prime*1620I2OO1,Bills & Utilities,Sale,-127.33,
631,03/21/2022,03/23/2022,AUNT MAUDES,Food & Drink,Sale,-142.03,
632,03/21/2022,03/22/2022,AMZN Mktp US*1N8OC2LA2,Shopping,Sale,-113.77,
633,03/20/2022,03/21/2022,TST* Wasabi Ames,Food & Drink,Sale,-114.16,
634,03/18/2022,03/20/2022,KUM&amp;GO 1215 AMES,Gas,Sale,-54.83,
635,03/18/2022,03/20/2022,HOTEL ACCOMMODATIONS,Travel,Sale,-110.58,
636,03/14/2022,03/15/2022,ADVANCE AUTO PARTS #6097,Automotive,Sale,-180.05,
637,03/12/2022,03/15/2022,RIVERFRONT RAMP 8079,Travel,Sale,-18.0,
638,03/13/2022,03/15/2022,RIVERFRONT RAMP 8079,Travel,Sale,-17.0,
639,03/14/2022,03/15/2022,ALOFT HOTEL MINNEAPOLIS,Travel,Sale,-90.39,
640,03/15/2022,03/15/2022,TST* Wasabi Ames,Food & Drink,Sale,-106.67,
641,03/14/2022,03/14/2022,TST* Wasabi Ames,Food & Drink,Sale,-102.87,
642,03/13/2022,03/14/2022,INDIA KITCHEN LLC,Food & Drink,Sale,-77.64,
643,03/13/2022,03/14/2022,TST* PENNY S COFFEE - WAS,Food & Drink,Sale,-18.88,
644,03/11/2022,03/14/2022,DONG HAE KOREAN GRILL &amp; S,Food & Drink,Sale,-44.95,
645,03/12/2022,03/13/2022,UBER   TRIP,Travel,Sale,-13.96,
646,03/11/2022,03/13/2022,TST* Terzo,Food & Drink,Sale,-199.4,
647,03/12/2022,03/13/2022,UBER   TRIP,Travel,Sale,-13.95,
648,03/11/2022,03/13/2022,TST* Porteno 530 LLC dba,Food & Drink,Sale,-65.5,
649,03/11/2022,03/13/2022,TST* Terzo,Food & Drink,Sale,-278.84,
650,03/12/2022,03/13/2022,SQ *DOGWOOD COFFEE ST. PA,Food & Drink,Sale,-25.25,
651,03/12/2022,03/13/2022,GUTHRIE THEATER BOX OFFIC,Entertainment,Sale,-50.0,
652,03/12/2022,03/13/2022,SQ *THE HERBIVOROUS BUTCH,Food & Drink,Sale,-98.48,
653,03/10/2022,03/10/2022,MCC*MEDIACOM,Bills & Utilities,Sale,-79.99,
654,03/07/2022,03/09/2022,AUNT MAUDES,Food & Drink,Sale,-104.74,
655,03/09/2022,03/09/2022,TST* Wasabi Ames,Food & Drink,Sale,-74.92,
656,03/04/2022,03/06/2022,SXM*SIRIUSXM.COM/ACCT,Bills & Utilities,Sale,-7.78,
657,03/04/2022,03/04/2022,AUTOMATIC PAYMENT - THANK,Payment,Payment,4274.73,
658,03/03/2022,03/04/2022,Audible*1I49V2K32,Bills & Utilities,Sale,-2.13,
659,03/03/2022,03/04/2022,NETFLIX.COM,Bills & Utilities,Sale,-21.39,
660,03/03/2022,03/04/2022,AMZN Digital*1W3F318B1,Shopping,Sale,-4.96,
661,02/26/2022,02/28/2022,PHILLIPS 66 - SWIFT ST,Gas,Sale,-53.36,
662,02/25/2022,02/28/2022,THE CAFE,Food & Drink,Sale,-65.61,
663,02/28/2022,02/28/2022,Audible*1W2350LX1,Bills & Utilities,Sale,-16.0,
664,02/25/2022,02/27/2022,Audible*1B6QV9R42,Bills & Utilities,Sale,-8.01,
665,02/25/2022,02/27/2022,INTUIT *TURBOTAX,Shopping,Sale,-20.0,
666,02/20/2022,02/22/2022,HUHOT MONGOLIAN GRILL 77,Food & Drink,Sale,-61.33,
667,02/16/2022,02/17/2022,AMZN Mktp US*DS9PJ9CN3,Shopping,Sale,-49.84,
668,02/15/2022,02/16/2022,HY-VEE GAS AMES 5018,Gas,Sale,-56.55,
669,02/14/2022,02/15/2022,BEST BUY      00008128,Shopping,Sale,-106.99,
670,02/11/2022,02/13/2022,AMZN Mktp US*QH24Y8B73,Shopping,Sale,-10.69,
671,02/10/2022,02/13/2022,LOTF_1,Food & Drink,Sale,-71.07,
672,02/10/2022,02/11/2022,THE HOTEL PATTEE,Food & Drink,Sale,-22.31,
673,02/09/2022,02/11/2022,HOTEL PATTEE,Travel,Sale,-213.86,
674,02/09/2022,02/10/2022,THE HOTEL PATTEE,Food & Drink,Sale,-56.2,
675,02/07/2022,02/09/2022,TRADEHOME SHOES #072,Shopping,Sale,-96.29,
676,02/05/2022,02/07/2022,TARGET        00011700,Shopping,Sale,-83.4,
677,02/07/2022,02/07/2022,MCC*MEDIACOM,Bills & Utilities,Sale,-79.99,
678,02/07/2022,02/07/2022,TST* Wasabi Ames,Food & Drink,Sale,-88.37,
679,02/04/2022,02/06/2022,THE SPICE THAI CUISINE,Food & Drink,Sale,-115.39,
680,02/04/2022,02/06/2022,SXM*SIRIUSXM.COM/ACCT,Bills & Utilities,Sale,-7.78,
681,02/05/2022,02/06/2022,HY-VEE GAS AMES 5018,Gas,Sale,-49.36,
682,02/04/2022,02/04/2022,AUTOMATIC PAYMENT - THANK,Payment,Payment,3758.88,
683,02/03/2022,02/04/2022,NETFLIX.COM,Bills & Utilities,Sale,-19.25,
684,01/25/2022,02/01/2022,HARVEST HEATING &amp; AIR CON,Home,Sale,-385.74,
685,01/31/2022,01/31/2022,Audible*Q28711XE3,Bills & Utilities,Sale,-16.0,
686,01/31/2022,01/31/2022,TST* Wasabi Ames,Food & Drink,Sale,-81.6,
687,01/28/2022,01/30/2022,BOULDER TAP HOUSE AMES,Food & Drink,Sale,-60.18,
688,01/27/2022,01/30/2022,THE CAFE,Food & Drink,Sale,-129.3,
689,01/28/2022,01/30/2022,Audible*PN3XA4UQ3,Bills & Utilities,Sale,-8.01,
690,01/29/2022,01/30/2022,LOWES #00581*,Home,Sale,-228.42,
691,01/22/2022,01/24/2022,7065 PLANET FITNESS,Health & Wellness,Sale,-1.0,
692,01/24/2022,01/24/2022,TST* Wasabi Ames,Food & Drink,Sale,-49.88,
693,01/21/2022,01/23/2022,Mucky Duck Pub,Food & Drink,Sale,-92.9,
694,01/21/2022,01/23/2022,HY-VEE GAS AMES 5018,Gas,Sale,-48.49,
695,01/20/2022,01/21/2022,HOTEL ACCOMMODATIONS,Travel,Sale,-396.39,
696,01/20/2022,01/20/2022,AMZN Mktp US,Shopping,Return,11.76,
697,01/19/2022,01/20/2022,SAMSCLUB #6568,Shopping,Sale,-96.03,
698,01/18/2022,01/19/2022,WWW.WEARGUSTIN.COM,Shopping,Sale,-88.0,
699,01/18/2022,01/19/2022,AXS.COM*FIRST AVENUE,Entertainment,Sale,-81.16,
700,01/16/2022,01/18/2022,THE CAFE,Food & Drink,Sale,-50.84,
701,01/14/2022,01/16/2022,Audible*GU5DK03U3,Bills & Utilities,Sale,-13.9,
702,01/14/2022,01/16/2022,AMZN Digital*NX4F27MJ3,Shopping,Sale,-11.76,
703,01/14/2022,01/16/2022,AMZN Digital*Z45F959A3,Shopping,Sale,-11.75,
704,01/11/2022,01/12/2022,TST* Wasabi Ames,Food & Drink,Sale,-217.17,
705,01/10/2022,01/12/2022,7065 PLANET FITNESS,Health & Wellness,Sale,-5.66,
706,01/10/2022,01/11/2022,AMZN Digital*4Z5E45OO3,Shopping,Sale,-12.83,
707,01/11/2022,01/11/2022,AMZN Digital*CP5FU5XT3,Shopping,Sale,-6.41,
708,01/10/2022,01/11/2022,Audible*VG26Q9JL3,Bills & Utilities,Sale,-8.01,
709,01/10/2022,01/11/2022,HY-VEE GAS AMES 5018,Gas,Sale,-45.85,
710,01/10/2022,01/11/2022,PERFECT GAMES,Food & Drink,Sale,-64.55,
711,01/09/2022,01/10/2022,SQ *CORNBRED BARBECUE,Food & Drink,Sale,-94.36,
712,01/07/2022,01/09/2022,FARMERS INS BILLING,Bills & Utilities,Sale,-1525.0,
713,01/07/2022,01/07/2022,MCC*MEDIACOM,Bills & Utilities,Sale,-79.99,
714,01/04/2022,01/06/2022,THE HOME DEPOT #2107,Home,Return,216.14,
715,01/06/2022,01/06/2022,SXM*SIRIUSXM.COM/ACCT,Bills & Utilities,Return,13.33,
716,01/04/2022,01/06/2022,HEROIC INK,Personal,Sale,-110.0,
717,01/05/2022,01/05/2022,AUTOMATIC PAYMENT - THANK,Payment,Payment,1180.17,
718,01/04/2022,01/05/2022,SIERRA NEVADA BRE,Food & Drink,Sale,-80.0,
719,01/04/2022,01/05/2022,AMZN Mktp US*5187O0LD3,Shopping,Sale,-33.66,
720,01/03/2022,01/04/2022,NETFLIX.COM,Bills & Utilities,Sale,-19.25,
721,01/01/2022,01/02/2022,SXM*SIRIUSXM.COM/ACCT,Bills & Utilities,Sale,-23.37,
722,12/31/2021,12/31/2021,Audible*K54BA6Z43,Bills & Utilities,Sale,-16.0,
723,12/27/2021,12/28/2021,Kindle Unltd*LO8HE6HE3,Shopping,Sale,-10.69,
724,12/25/2021,12/26/2021,TST* Wasabi Ames,Food & Drink,Sale,-53.07,
725,12/24/2021,12/26/2021,SAMSCLUB #6568,Shopping,Sale,-76.15,
726,12/19/2021,12/20/2021,SQ *CORNBRED BARBECUE,Food & Drink,Sale,-87.69,
727,12/19/2021,12/20/2021,KWIK STOP LIQUOR &amp; GROCER,Groceries,Sale,-4.83,
728,12/16/2021,12/19/2021,LOTF_1,Food & Drink,Sale,-144.63,
729,12/17/2021,12/19/2021,MOORMAN CLOTHIERS,Shopping,Return,240.75,
730,12/17/2021,12/19/2021,JAX - 03,Shopping,Sale,-373.43,
731,12/16/2021,12/17/2021,CC* CITY OF AMES IA,Bills & Utilities,Sale,-23.0,
732,12/15/2021,12/16/2021,MOORMAN CLOTHIERS,Shopping,Sale,-240.75,
733,12/15/2021,12/15/2021,TST* Wasabi Ames,Food & Drink,Sale,-39.6,
734,12/12/2021,12/14/2021,CASEYS GEN STORE 2560,Gas,Sale,-26.95,
735,12/12/2021,12/14/2021,CASEYS GEN STORE 0032,Gas,Sale,-45.45,
736,12/10/2021,12/12/2021,SQ *CORNBRED BARBECUE,Food & Drink,Sale,-160.54,
737,12/09/2021,12/10/2021,AMZN Mktp US*NP2MV6L73,Shopping,Sale,-11.76,
738,12/09/2021,12/10/2021,BOULDER TAP HOUSE AMES,Food & Drink,Sale,-42.02,
739,12/07/2021,12/09/2021,THE HOME DEPOT #2107,Home,Sale,-2282.31,
740,12/08/2021,12/09/2021,AMZN Mktp US*R956Z7IY3,Shopping,Sale,-14.97,
741,12/08/2021,12/08/2021,MCC*MEDIACOM,Bills & Utilities,Sale,-79.99,
742,12/07/2021,12/08/2021,TST* Wasabi Ames,Food & Drink,Sale,-90.9,
743,12/06/2021,12/07/2021,HUHOT MONGOLIAN GRILL 77,Food & Drink,Sale,-37.79,
744,12/04/2021,12/06/2021,THE CAFE,Food & Drink,Sale,-123.63,
745,12/06/2021,12/06/2021,TST* Wasabi Ames,Food & Drink,Sale,-64.77,
746,12/05/2021,12/05/2021,AUTOMATIC PAYMENT - THANK,Payment,Payment,1617.19,
747,12/03/2021,12/05/2021,NETFLIX.COM,Bills & Utilities,Sale,-19.25,
748,12/01/2021,12/02/2021,SXM*SIRIUSXM.COM/ACCT,Bills & Utilities,Sale,-23.37,
749,11/29/2021,12/01/2021,BP#8317505COLONY POINT,Gas,Sale,-26.26,
750,11/30/2021,12/01/2021,Audible*ME4U06SB3,Bills & Utilities,Sale,-16.0,
751,11/28/2021,11/30/2021,BP#9345315EXPRESSLANE #,Gas,Sale,-16.0,
752,11/28/2021,11/29/2021,AMOCO#1054000DODGE EXPRE,Gas,Sale,-12.5,
753,11/28/2021,11/29/2021,HY-VEE GAS AMES 5018,Gas,Sale,-31.3,
754,11/27/2021,11/28/2021,Kindle Unltd*ZK5P23R73,Shopping,Sale,-10.69,
755,11/27/2021,11/28/2021,AMZN Mktp US*FB0Q088F3,Shopping,Sale,-128.56,
756,11/23/2021,11/25/2021,KUM&amp;GO 1215 AMES,Gas,Sale,-57.33,
757,11/23/2021,11/25/2021,LOTF_1,Food & Drink,Sale,-183.33,
758,11/14/2021,11/15/2021,HY-VEE GAS AMES 5018,Gas,Sale,-26.58,
759,11/14/2021,11/14/2021,TST* Wasabi Ames,Food & Drink,Sale,-77.47,
760,11/12/2021,11/14/2021,HY-VEE GAS AMES 5018,Gas,Sale,-55.72,
761,11/09/2021,11/10/2021,PERFECT GAMES,Food & Drink,Sale,-86.46,
762,11/06/2021,11/09/2021,SIERRA GRANDE LODGE,Travel,Sale,-206.15,
763,11/08/2021,11/09/2021,RIO GRANDE BREW PUB,Food & Drink,Sale,-15.78,
764,11/08/2021,11/09/2021,COMIDA BUENA,Food & Drink,Sale,-31.09,
765,11/07/2021,11/08/2021,ALON DK #51739,Gas,Sale,-33.3,
766,11/07/2021,11/08/2021,BUDGET RENT A CAR,Travel,Sale,-493.74,
767,11/07/2021,11/07/2021,MCC*MEDIACOM,Bills & Utilities,Sale,-79.99,
768,11/05/2021,11/05/2021,AUTOMATIC PAYMENT - THANK,Payment,Payment,2596.52,
769,11/03/2021,11/05/2021,RIVERBEND HOT SPRINGS LLC,Travel,Sale,-54.26,
770,11/04/2021,11/05/2021,SQ *TRUTH OR CONSEQUENCES,Food & Drink,Sale,-20.0,
771,11/03/2021,11/05/2021,MARATHON PETRO27086,Gas,Sale,-32.06,
772,11/03/2021,11/04/2021,NETFLIX.COM,Bills & Utilities,Sale,-19.25,
773,11/01/2021,11/03/2021,ISLETA HOTEL,Travel,Sale,-179.14,
774,11/01/2021,11/02/2021,SXM*SIRIUSXM.COM/ACCT,Bills & Utilities,Sale,-22.08,
775,11/01/2021,11/02/2021,BLACKSTONE HOTPRINGS,Health & Wellness,Sale,-54.24,
776,10/30/2021,10/31/2021,SQ *CORNBRED BARBECUE,Food & Drink,Sale,-95.97,
777,10/31/2021,10/31/2021,Audible*XB5HX1PG3,Bills & Utilities,Sale,-16.0,
778,10/29/2021,10/31/2021,TST* Wasabi Ames,Food & Drink,Sale,-55.45,
779,10/29/2021,10/31/2021,MEOW WOLF,Entertainment,Sale,-77.9,
780,10/30/2021,10/31/2021,HY-VEE GAS AMES 5018,Gas,Sale,-35.45,
781,10/27/2021,10/28/2021,Kindle Unltd*C352S3JT3,Shopping,Sale,-10.69,
782,10/20/2021,10/21/2021,AMZN Mktp US*2Y3EE6LU2,Shopping,Sale,-75.14,
783,10/19/2021,10/20/2021,Mucky Duck Pub,Food & Drink,Sale,-70.39,
784,10/18/2021,10/19/2021,ADVANCE AUTO PARTS #6097,Automotive,Sale,-157.28,
785,10/18/2021,10/19/2021,ADVANCE AUTO PARTS #6097,Automotive,Return,23.54,
786,10/17/2021,10/18/2021,PHILLIPS 66 - SWIFT ST,Gas,Sale,-34.86,
787,10/08/2021,10/08/2021,MCC*MEDIACOM,Bills & Utilities,Sale,-79.99,
788,10/07/2021,10/08/2021,AMZN Mktp US*2C5QK4RI2,Shopping,Sale,-6.21,
789,10/06/2021,10/07/2021,SQ *LOCKWOOD,Food & Drink,Sale,-32.1,
790,10/05/2021,10/07/2021,BLACKSTONE HOTSPRINGS,Travel,Sale,-332.06,
791,10/06/2021,10/07/2021,AMZN Mktp US*273W96371,Shopping,Sale,-35.98,
792,10/06/2021,10/07/2021,AMZN Mktp US*2C1ZN5II2,Shopping,Sale,-35.01,
793,10/05/2021,10/06/2021,BOULDER TAP HOUSE AMES,Food & Drink,Sale,-60.31,
794,10/05/2021,10/05/2021,AUTOMATIC PAYMENT - THANK,Payment,Payment,1270.2,
795,10/03/2021,10/04/2021,NETFLIX.COM,Bills & Utilities,Sale,-19.25,
796,10/01/2021,10/03/2021,SXM*SIRIUSXM.COM/ACCT,Bills & Utilities,Sale,-22.08,
797,10/01/2021,10/03/2021,AMERICAN AIR0010639196196,Travel,Sale,-45.66,
798,10/01/2021,10/03/2021,AMERICAN AIR0010639196195,Travel,Sale,-45.66,
799,10/01/2021,10/03/2021,AMERICAN AIR0012302206148,Travel,Sale,-376.39,
800,10/01/2021,10/03/2021,AMERICAN AIR0012302206147,Travel,Sale,-376.39,
801,10/01/2021,10/03/2021,ALLIANZ TRAVEL INS,Bills & Utilities,Sale,-72.0,
802,09/30/2021,10/01/2021,HOTSPRINGSGLAMPCAMP,Travel,Sale,-543.38,
803,09/30/2021,09/30/2021,Audible*2C2LV3HW0,Bills & Utilities,Sale,-16.0,
804,09/26/2021,09/28/2021,KUM&amp;GO 1215 AMES,Gas,Sale,-33.46,
805,09/27/2021,09/28/2021,Kindle Unltd*2C2KC90Z0,Shopping,Sale,-10.69,
806,09/27/2021,09/27/2021,GOOGLE *YouTube Videos,Entertainment,Sale,-4.27,
807,09/18/2021,09/20/2021,THE CAFE,Food & Drink,Sale,-113.68,
808,09/14/2021,09/16/2021,ICELANDAIR,Travel,Return,134.18,
809,09/15/2021,09/16/2021,Amazon.com*2G4CF84R2,Shopping,Sale,-26.99,
